Order_ID,Courier,Shipping_Cost,Estimated_Delivery_Days,Actual_Delivery_Days
O00001,BlueDart,94.84,1,1
O00002,Delhivery,190.99,1,1
O00003,DTDC,63.42,1,1
O00004,DTDC,245.89,1,1
O00005,DTDC,249.51,1,1
O00006,DTDC,76.64,5,5
O00007,Ecom,75.82,5,10
O00008,Delhivery,192.99,2,2
O00009,Delhivery,158.67,5,5
O00010,Delhivery,164.47,2,2
O00011,Ecom,253.87,2,2
O00012,Delhivery,291.14,2,2
O00013,DTDC,254.12,1,1
O00014,Ecom,285.74,5,5
O00015,DTDC,214.67,5,5
O00016,Ecom,185.91,2,2
O00017,Delhivery,214.4,1,1
O00018,Ecom,76.49,5,5
O00019,Delhivery,136.24,1,1
O00020,Ecom,137.08,5,9
O00021,Delhivery,179.0,5,7
O00022,Ecom,148.9,2,2
O00023,BlueDart,194.34,1,1
O00024,Ecom,181.93,2,2
O00025,Ecom,204.34,1,1
O00026,DTDC,79.24,1,2
O00027,Delhivery,171.67,2,2
O00028,BlueDart,266.38,1,1
O00029,Ecom,153.91,5,5
O00030,Delhivery,184.4,5,6
O00031,DTDC,243.78,1,1
O00032,Delhivery,124.43,5,5
O00033,DTDC,265.26,2,2
O00034,DTDC,199.21,1,1
O00035,Ecom,279.69,2,2
O00036,Delhivery,194.36,1,5
O00037,DTDC,223.68,2,2
O00038,DTDC,262.53,2,5
O00039,Delhivery,191.54,2,2
O00040,Delhivery,160.32,5,7
O00041,DTDC,112.6,1,1
O00042,BlueDart,225.92,5,5
O00043,DTDC,254.28,5,5
O00044,DTDC,141.89,5,7
O00045,Delhivery,207.02,1,3
O00046,BlueDart,197.39,1,1
O00047,DTDC,244.74,5,5
O00048,BlueDart,245.95,5,5
O00049,BlueDart,296.72,2,2
O00050,BlueDart,54.17,1,1
O00051,Ecom,70.61,2,2
O00052,Delhivery,184.1,2,2
O00053,Delhivery,71.55,1,1
O00054,Delhivery,225.37,1,1
O00055,BlueDart,242.86,1,1
O00056,DTDC,63.86,2,2
O00057,BlueDart,61.01,5,5
O00058,BlueDart,188.22,2,2
O00059,BlueDart,192.88,5,5
O00060,BlueDart,188.27,5,7
O00061,Ecom,299.45,1,1
O00062,DTDC,208.99,5,5
O00063,Delhivery,154.95,5,5
O00064,DTDC,164.61,2,3
O00065,Delhivery,109.19,1,1
O00066,Delhivery,84.03,1,1
O00067,Delhivery,162.98,5,5
O00068,DTDC,87.08,5,5
O00069,Ecom,263.65,1,1
O00070,Delhivery,82.68,5,6
O00071,BlueDart,99.44,1,1
O00072,Ecom,255.42,2,4
O00073,DTDC,161.5,1,1
O00074,Ecom,65.24,1,1
O00075,DTDC,169.92,5,5
O00076,Delhivery,57.33,1,1
O00077,Delhivery,75.03,2,2
O00078,Ecom,138.7,1,1
O00079,DTDC,286.89,5,5
O00080,BlueDart,108.16,2,2
O00081,Delhivery,279.7,5,5
O00082,DTDC,290.14,5,5
O00083,Delhivery,233.09,1,1
O00084,DTDC,105.81,1,1
O00085,BlueDart,95.52,2,2
O00086,BlueDart,109.5,1,3
O00087,BlueDart,137.62,5,5
O00088,Ecom,137.81,2,2
O00089,BlueDart,129.68,1,1
O00090,BlueDart,134.49,5,5
O00091,Ecom,89.28,5,5
O00092,BlueDart,62.41,1,1
O00093,Delhivery,74.25,5,6
O00094,Ecom,273.72,5,5
O00095,DTDC,159.94,2,2
O00096,Ecom,292.68,5,5
O00097,Delhivery,169.07,2,2
O00098,Delhivery,293.04,1,1
O00099,Delhivery,258.53,2,2
O00100,Ecom,279.29,2,2
O00101,BlueDart,246.44,5,5
O00102,BlueDart,93.05,2,2
O00103,Ecom,280.21,1,3
O00104,Delhivery,83.6,2,2
O00105,Delhivery,278.36,2,2
O00106,Ecom,83.91,2,2
O00107,BlueDart,164.11,5,5
O00108,BlueDart,220.29,2,2
O00109,Delhivery,259.41,2,2
O00110,Delhivery,264.28,2,2
O00111,Delhivery,211.84,2,2
O00112,Ecom,262.9,2,2
O00113,BlueDart,177.88,2,2
O00114,BlueDart,134.07,1,1
O00115,BlueDart,251.36,2,2
O00116,DTDC,276.73,1,1
O00117,Ecom,276.63,1,1
O00118,DTDC,231.3,5,5
O00119,DTDC,142.92,2,2
O00120,BlueDart,168.05,2,2
O00121,Delhivery,135.67,2,2
O00122,BlueDart,51.18,2,2
O00123,Ecom,208.37,5,5
O00124,DTDC,239.21,5,5
O00125,BlueDart,145.89,5,5
O00126,DTDC,158.42,5,5
O00127,Delhivery,106.08,2,2
O00128,BlueDart,143.8,5,5
O00129,BlueDart,154.19,5,5
O00130,BlueDart,215.62,2,4
O00131,BlueDart,120.68,5,5
O00132,Ecom,123.84,1,1
O00133,Ecom,87.29,2,5
O00134,BlueDart,74.95,5,5
O00135,BlueDart,52.42,2,2
O00136,DTDC,95.72,2,2
O00137,BlueDart,295.39,2,2
O00138,Ecom,244.79,1,1
O00139,BlueDart,65.83,5,5
O00140,DTDC,179.77,1,1
O00141,BlueDart,52.91,2,2
O00142,DTDC,62.59,2,7
O00143,Ecom,161.77,2,4
O00144,DTDC,272.53,2,2
O00145,Ecom,132.99,2,2
O00146,Delhivery,50.55,1,1
O00147,Delhivery,173.11,1,1
O00148,Ecom,256.14,2,2
O00149,Delhivery,290.96,2,2
O00150,Delhivery,75.89,2,2
O00151,DTDC,292.62,1,1
O00152,DTDC,227.97,2,2
O00153,Delhivery,295.33,5,5
O00154,Ecom,218.56,1,1
O00155,BlueDart,217.56,2,2
O00156,BlueDart,139.67,1,1
O00157,DTDC,223.23,1,1
O00158,Ecom,257.5,2,5
O00159,Delhivery,123.54,1,1
O00160,DTDC,82.52,5,6
O00161,DTDC,199.22,2,2
O00162,BlueDart,246.01,1,1
O00163,Ecom,72.99,1,1
O00164,Ecom,299.16,2,2
O00165,DTDC,145.34,5,5
O00166,DTDC,178.58,2,2
O00167,BlueDart,206.73,2,2
O00168,Ecom,211.64,1,1
O00169,BlueDart,94.5,5,5
O00170,DTDC,54.22,5,5
O00171,BlueDart,139.43,1,4
O00172,BlueDart,168.5,2,4
O00173,DTDC,289.35,2,2
O00174,Delhivery,237.07,1,1
O00175,DTDC,98.58,2,2
O00176,BlueDart,112.67,1,1
O00177,BlueDart,275.03,2,2
O00178,DTDC,251.92,1,1
O00179,DTDC,83.58,2,2
O00180,Delhivery,211.39,2,2
O00181,BlueDart,253.16,2,2
O00182,Delhivery,141.45,5,5
O00183,BlueDart,215.67,2,2
O00184,Delhivery,233.98,5,5
O00185,BlueDart,217.15,5,5
O00186,DTDC,258.72,2,2
O00187,BlueDart,179.17,5,5
O00188,Ecom,271.79,2,2
O00189,Delhivery,140.56,5,5
O00190,Ecom,169.76,5,5
O00191,BlueDart,272.7,5,8
O00192,DTDC,286.81,5,5
O00193,Delhivery,205.8,2,7
O00194,Ecom,83.05,1,1
O00195,BlueDart,73.3,5,5
O00196,Ecom,107.37,5,5
O00197,Delhivery,277.52,1,2
O00198,Ecom,213.64,1,1
O00199,Ecom,191.17,2,2
O00200,DTDC,189.77,5,5
O00201,Delhivery,75.07,2,2
O00202,Delhivery,167.92,1,1
O00203,Ecom,203.49,2,2
O00204,Delhivery,58.4,5,5
O00205,BlueDart,293.91,5,5
O00206,BlueDart,279.79,2,2
O00207,Delhivery,163.69,2,2
O00208,DTDC,134.99,5,5
O00209,Delhivery,239.37,1,1
O00210,BlueDart,145.67,2,2
O00211,BlueDart,225.2,1,1
O00212,Delhivery,273.58,2,3
O00213,Delhivery,100.69,2,2
O00214,BlueDart,262.0,5,6
O00215,Delhivery,237.54,1,1
O00216,BlueDart,224.56,2,4
O00217,DTDC,96.79,5,5
O00218,Ecom,225.18,1,1
O00219,DTDC,251.02,2,2
O00220,DTDC,246.33,5,7
O00221,DTDC,169.13,5,6
O00222,DTDC,136.04,2,2
O00223,DTDC,138.78,1,1
O00224,Delhivery,267.06,2,2
O00225,DTDC,107.05,1,1
O00226,DTDC,236.97,2,2
O00227,BlueDart,102.64,5,5
O00228,DTDC,204.53,2,4
O00229,Delhivery,57.14,1,1
O00230,Delhivery,197.71,2,2
O00231,DTDC,170.41,2,2
O00232,BlueDart,180.83,2,2
O00233,BlueDart,241.47,2,2
O00234,Ecom,112.47,5,5
O00235,DTDC,121.17,2,2
O00236,Ecom,204.43,5,5
O00237,BlueDart,120.53,5,6
O00238,Ecom,127.89,5,6
O00239,Ecom,67.85,1,1
O00240,Ecom,111.79,2,2
O00241,DTDC,284.05,1,1
O00242,DTDC,271.88,1,1
O00243,BlueDart,148.95,5,5
O00244,BlueDart,112.18,1,1
O00245,BlueDart,81.46,2,5
O00246,Delhivery,112.67,2,2
O00247,DTDC,233.1,1,1
O00248,DTDC,185.4,5,5
O00249,DTDC,230.25,2,2
O00250,DTDC,130.65,5,5
O00251,BlueDart,171.34,1,2
O00252,BlueDart,53.27,1,1
O00253,Ecom,255.51,5,5
O00254,Delhivery,290.15,2,3
O00255,Ecom,236.53,5,5
O00256,Delhivery,187.49,1,1
O00257,DTDC,261.21,1,1
O00258,Ecom,241.43,1,1
O00259,BlueDart,179.4,2,2
O00260,DTDC,279.78,2,2
O00261,DTDC,272.41,5,7
O00262,DTDC,248.23,5,5
O00263,Ecom,69.62,1,1
O00264,DTDC,181.1,5,5
O00265,Ecom,292.76,2,2
O00266,DTDC,70.64,5,5
O00267,Delhivery,170.23,2,5
O00268,BlueDart,116.56,1,1
O00269,Delhivery,130.18,5,5
O00270,Ecom,61.22,5,5
O00271,Delhivery,267.19,2,2
O00272,Delhivery,235.0,1,1
O00273,BlueDart,113.86,2,2
O00274,BlueDart,54.77,2,5
O00275,BlueDart,96.6,5,5
O00276,Ecom,236.1,1,4
O00277,Ecom,272.6,5,5
O00278,Ecom,180.18,2,2
O00279,DTDC,277.43,5,5
O00280,Delhivery,157.52,5,5
O00281,Delhivery,231.77,1,3
O00282,Delhivery,76.69,2,2
O00283,Delhivery,221.84,2,2
O00284,Ecom,172.86,5,5
O00285,Ecom,105.64,5,5
O00286,Ecom,271.9,5,5
O00287,BlueDart,180.16,1,1
O00288,BlueDart,97.46,1,1
O00289,Delhivery,165.89,2,2
O00290,Ecom,153.39,1,1
O00291,Delhivery,229.59,1,1
O00292,Delhivery,144.67,2,5
O00293,DTDC,127.38,1,4
O00294,DTDC,53.05,1,4
O00295,Ecom,163.43,5,5
O00296,Delhivery,62.23,5,5
O00297,BlueDart,62.26,5,5
O00298,Ecom,237.33,1,1
O00299,Ecom,260.83,2,2
O00300,Delhivery,203.01,2,2
O00301,DTDC,281.78,1,1
O00302,DTDC,294.81,1,1
O00303,DTDC,137.41,1,1
O00304,DTDC,176.67,1,1
O00305,BlueDart,258.01,1,1
O00306,Ecom,273.01,2,2
O00307,DTDC,188.79,2,2
O00308,Delhivery,192.75,2,2
O00309,Ecom,269.26,2,2
O00310,Delhivery,278.34,1,1
O00311,DTDC,85.82,1,6
O00312,BlueDart,51.03,5,5
O00313,DTDC,55.62,5,5
O00314,Ecom,217.78,2,2
O00315,Delhivery,185.63,5,5
O00316,DTDC,185.14,1,1
O00317,Ecom,204.08,5,7
O00318,Ecom,74.32,1,3
O00319,DTDC,278.22,2,2
O00320,BlueDart,137.86,2,2
O00321,BlueDart,131.47,2,2
O00322,Delhivery,293.47,2,2
O00323,DTDC,186.13,1,1
O00324,Ecom,131.34,5,5
O00325,BlueDart,72.63,5,8
O00326,Ecom,98.92,5,5
O00327,BlueDart,202.87,1,1
O00328,DTDC,77.42,5,5
O00329,Ecom,158.8,2,2
O00330,DTDC,299.36,5,5
O00331,Delhivery,71.17,5,5
O00332,Ecom,188.01,1,1
O00333,Delhivery,228.03,5,5
O00334,DTDC,78.29,2,2
O00335,BlueDart,180.84,5,5
O00336,BlueDart,275.9,1,1
O00337,DTDC,290.15,2,2
O00338,Ecom,194.54,5,5
O00339,BlueDart,262.86,1,3
O00340,Delhivery,277.53,2,2
O00341,BlueDart,135.71,2,5
O00342,DTDC,63.58,2,2
O00343,Delhivery,144.95,5,5
O00344,Ecom,145.5,5,5
O00345,DTDC,133.74,5,5
O00346,Delhivery,179.99,1,1
O00347,BlueDart,181.32,1,1
O00348,BlueDart,64.22,1,1
O00349,Delhivery,143.99,1,1
O00350,BlueDart,209.7,5,5
O00351,BlueDart,145.7,1,1
O00352,Delhivery,211.37,2,2
O00353,BlueDart,192.84,5,5
O00354,DTDC,276.15,2,3
O00355,BlueDart,146.11,2,2
O00356,DTDC,150.15,1,1
O00357,Ecom,240.11,2,2
O00358,Ecom,274.12,1,1
O00359,BlueDart,229.93,5,5
O00360,Ecom,291.64,5,5
O00361,Delhivery,235.26,5,8
O00362,Delhivery,53.59,1,4
O00363,Ecom,198.74,2,2
O00364,Delhivery,130.4,2,2
O00365,Ecom,92.01,1,3
O00366,Ecom,70.18,5,6
O00367,DTDC,180.77,1,1
O00368,BlueDart,206.8,1,1
O00369,DTDC,265.68,5,5
O00370,Delhivery,221.31,2,2
O00371,Ecom,112.85,5,8
O00372,BlueDart,171.27,5,5
O00373,BlueDart,131.53,2,2
O00374,Delhivery,281.97,5,5
O00375,DTDC,81.8,5,5
O00376,DTDC,104.96,5,5
O00377,Ecom,265.55,1,1
O00378,Ecom,194.87,2,2
O00379,BlueDart,156.42,1,1
O00380,Ecom,287.48,2,2
O00381,Ecom,264.48,1,4
O00382,BlueDart,265.1,2,2
O00383,Delhivery,246.92,2,2
O00384,DTDC,141.61,2,4
O00385,BlueDart,212.26,1,1
O00386,Ecom,119.29,5,5
O00387,DTDC,162.99,1,1
O00388,Ecom,274.49,5,5
O00389,Delhivery,180.17,5,6
O00390,Ecom,234.43,1,1
O00391,Ecom,164.5,1,1
O00392,DTDC,121.1,2,2
O00393,Delhivery,79.23,1,1
O00394,BlueDart,216.39,2,2
O00395,BlueDart,151.14,2,2
O00396,DTDC,292.4,2,6
O00397,BlueDart,232.91,5,5
O00398,Delhivery,161.49,1,1
O00399,BlueDart,184.6,1,1
O00400,BlueDart,277.11,1,1
O00401,DTDC,127.02,2,2
O00402,Delhivery,251.42,5,5
O00403,Ecom,297.1,2,2
O00404,Ecom,227.56,1,3
O00405,DTDC,258.65,5,5
O00406,Ecom,81.04,2,3
O00407,DTDC,173.26,5,5
O00408,Ecom,293.56,2,2
O00409,Delhivery,129.92,1,3
O00410,DTDC,122.92,5,5
O00411,DTDC,256.71,5,5
O00412,Delhivery,179.54,1,4
O00413,Delhivery,248.78,2,5
O00414,BlueDart,79.14,1,1
O00415,DTDC,93.05,2,2
O00416,Ecom,222.7,5,5
O00417,BlueDart,167.27,2,3
O00418,Delhivery,96.2,2,2
O00419,Delhivery,176.23,1,1
O00420,BlueDart,281.06,5,5
O00421,DTDC,295.33,2,2
O00422,BlueDart,179.93,2,2
O00423,BlueDart,146.2,2,2
O00424,BlueDart,273.69,2,2
O00425,Ecom,180.67,5,5
O00426,DTDC,293.8,2,2
O00427,DTDC,239.08,5,5
O00428,Delhivery,242.0,2,2
O00429,BlueDart,293.02,1,3
O00430,Ecom,248.18,5,5
O00431,BlueDart,288.15,2,2
O00432,DTDC,271.18,2,2
O00433,Ecom,215.02,2,2
O00434,DTDC,173.67,2,2
O00435,Delhivery,259.23,2,2
O00436,Ecom,137.82,1,1
O00437,DTDC,92.44,1,1
O00438,Ecom,197.0,1,1
O00439,Delhivery,133.99,2,2
O00440,BlueDart,260.1,5,5
O00441,BlueDart,229.43,5,5
O00442,Delhivery,136.83,2,2
O00443,Ecom,217.89,1,1
O00444,Ecom,116.98,1,1
O00445,Delhivery,87.62,1,1
O00446,Ecom,116.73,2,2
O00447,Delhivery,56.93,1,1
O00448,Delhivery,118.18,2,2
O00449,DTDC,266.79,5,5
O00450,BlueDart,180.49,1,1
O00451,Ecom,251.46,2,2
O00452,DTDC,265.72,5,5
O00453,Ecom,228.92,2,2
O00454,Ecom,127.32,1,1
O00455,Ecom,281.88,5,5
O00456,DTDC,269.87,5,5
O00457,Ecom,281.62,2,2
O00458,DTDC,163.32,5,5
O00459,BlueDart,77.71,1,4
O00460,Delhivery,115.17,1,1
O00461,Ecom,286.19,5,5
O00462,Ecom,99.57,5,5
O00463,DTDC,92.53,2,2
O00464,Delhivery,228.39,1,1
O00465,Delhivery,298.8,1,1
O00466,Ecom,276.83,2,2
O00467,Delhivery,228.33,2,3
O00468,Delhivery,167.73,5,5
O00469,DTDC,83.06,1,4
O00470,Ecom,82.98,5,5
O00471,DTDC,236.96,5,6
O00472,Ecom,240.92,1,1
O00473,BlueDart,167.56,2,2
O00474,Ecom,78.12,5,7
O00475,Delhivery,237.48,2,2
O00476,Delhivery,154.1,1,1
O00477,BlueDart,70.27,2,2
O00478,BlueDart,214.04,2,2
O00479,BlueDart,235.95,1,1
O00480,BlueDart,263.09,5,5
O00481,Delhivery,139.76,1,6
O00482,BlueDart,239.12,2,2
O00483,Delhivery,211.9,2,5
O00484,Ecom,125.1,1,3
O00485,BlueDart,279.33,5,5
O00486,DTDC,196.39,2,2
O00487,BlueDart,154.06,1,1
O00488,DTDC,135.33,1,1
O00489,BlueDart,51.46,5,5
O00490,DTDC,222.67,2,2
O00491,BlueDart,224.01,2,2
O00492,DTDC,242.43,2,2
O00493,BlueDart,264.95,5,5
O00494,Ecom,234.27,1,2
O00495,Ecom,107.98,5,5
O00496,Ecom,205.67,1,1
O00497,Ecom,108.03,2,2
O00498,Ecom,258.27,1,1
O00499,Delhivery,99.87,5,5
O00500,DTDC,270.23,2,2
O00501,Delhivery,80.17,1,1
O00502,Delhivery,263.35,2,2
O00503,BlueDart,293.66,5,5
O00504,Delhivery,277.75,1,1
O00505,DTDC,133.65,2,2
O00506,Delhivery,71.31,2,2
O00507,Delhivery,84.5,1,1
O00508,BlueDart,229.41,1,1
O00509,Ecom,239.8,2,2
O00510,Ecom,271.45,1,1
O00511,Delhivery,225.07,1,1
O00512,Delhivery,270.24,1,1
O00513,DTDC,239.26,1,1
O00514,BlueDart,233.0,1,1
O00515,BlueDart,163.29,1,1
O00516,DTDC,216.73,1,1
O00517,Delhivery,255.71,5,5
O00518,Ecom,272.13,1,1
O00519,Ecom,268.0,2,2
O00520,Delhivery,171.19,2,2
O00521,Delhivery,286.02,1,1
O00522,Delhivery,79.44,2,2
O00523,BlueDart,284.21,2,3
O00524,BlueDart,154.39,5,8
O00525,Ecom,240.42,2,2
O00526,Ecom,134.75,2,2
O00527,BlueDart,210.98,5,5
O00528,BlueDart,118.74,2,2
O00529,BlueDart,172.87,2,2
O00530,BlueDart,78.66,5,8
O00531,DTDC,95.36,2,2
O00532,BlueDart,62.97,5,5
O00533,BlueDart,117.32,5,5
O00534,BlueDart,111.58,5,8
O00535,Delhivery,143.33,1,1
O00536,DTDC,213.26,2,2
O00537,Delhivery,196.29,2,2
O00538,BlueDart,257.62,1,1
O00539,DTDC,294.91,5,5
O00540,BlueDart,278.5,1,1
O00541,Ecom,240.62,2,2
O00542,Ecom,256.87,5,8
O00543,Delhivery,235.79,5,5
O00544,Ecom,291.82,2,5
O00545,Delhivery,187.95,5,7
O00546,BlueDart,81.86,1,1
O00547,DTDC,220.17,1,1
O00548,Ecom,118.51,1,1
O00549,Ecom,183.1,2,2
O00550,Ecom,289.44,2,2
O00551,Ecom,252.01,2,5
O00552,DTDC,179.92,2,3
O00553,BlueDart,293.63,1,1
O00554,DTDC,202.68,1,1
O00555,Ecom,108.28,5,7
O00556,BlueDart,134.9,5,5
O00557,BlueDart,198.22,1,1
O00558,Ecom,96.48,1,1
O00559,Delhivery,86.85,5,5
O00560,BlueDart,155.52,2,2
O00561,DTDC,263.0,5,5
O00562,BlueDart,173.98,2,2
O00563,DTDC,251.82,1,1
O00564,Delhivery,122.64,5,7
O00565,DTDC,229.71,5,5
O00566,Delhivery,144.73,5,7
O00567,Delhivery,285.29,5,5
O00568,Ecom,223.59,1,2
O00569,Delhivery,131.92,5,5
O00570,Delhivery,177.15,2,2
O00571,DTDC,181.37,2,2
O00572,Delhivery,273.72,2,2
O00573,DTDC,113.63,5,5
O00574,DTDC,156.53,2,2
O00575,Delhivery,116.41,2,2
O00576,BlueDart,140.06,1,1
O00577,Delhivery,299.6,1,1
O00578,Ecom,255.47,5,5
O00579,Delhivery,230.83,1,1
O00580,BlueDart,128.27,1,1
O00581,Delhivery,194.38,5,5
O00582,Ecom,240.71,1,1
O00583,DTDC,192.05,1,1
O00584,Ecom,97.08,2,2
O00585,Delhivery,67.37,5,5
O00586,DTDC,179.63,5,5
O00587,BlueDart,147.25,5,5
O00588,DTDC,196.87,5,5
O00589,Ecom,201.21,2,3
O00590,Ecom,136.7,2,2
O00591,Delhivery,224.63,1,1
O00592,Ecom,152.82,1,1
O00593,Delhivery,113.19,5,5
O00594,BlueDart,52.68,5,5
O00595,Delhivery,228.4,2,2
O00596,Ecom,92.11,5,5
O00597,Ecom,224.19,2,2
O00598,BlueDart,62.17,1,1
O00599,BlueDart,134.28,2,2
O00600,Ecom,178.13,5,5
O00601,Ecom,80.2,1,1
O00602,Delhivery,164.69,5,5
O00603,Delhivery,112.99,5,5
O00604,DTDC,54.41,5,5
O00605,BlueDart,127.21,1,1
O00606,Delhivery,143.94,5,5
O00607,DTDC,210.9,1,1
O00608,Delhivery,101.45,1,1
O00609,Ecom,67.5,1,1
O00610,Ecom,231.25,5,8
O00611,Delhivery,117.97,2,2
O00612,Ecom,240.08,2,2
O00613,Delhivery,188.21,2,2
O00614,BlueDart,133.31,2,2
O00615,Ecom,285.07,5,8
O00616,BlueDart,298.12,2,2
O00617,Ecom,208.74,5,5
O00618,DTDC,207.74,2,2
O00619,Delhivery,53.08,1,6
O00620,Delhivery,269.0,2,2
O00621,DTDC,233.48,1,1
O00622,Delhivery,282.5,1,1
O00623,DTDC,233.26,5,6
O00624,Delhivery,96.41,1,4
O00625,BlueDart,144.43,2,5
O00626,DTDC,237.95,1,1
O00627,DTDC,201.09,5,5
O00628,BlueDart,293.83,2,2
O00629,BlueDart,267.25,2,2
O00630,Delhivery,50.78,2,2
O00631,Ecom,150.04,1,1
O00632,Delhivery,227.99,2,2
O00633,Ecom,92.01,1,1
O00634,BlueDart,76.37,1,1
O00635,Ecom,287.88,2,2
O00636,BlueDart,211.0,1,4
O00637,DTDC,78.92,1,1
O00638,Ecom,194.23,1,1
O00639,Delhivery,76.65,2,2
O00640,Delhivery,236.76,5,5
O00641,Ecom,207.77,1,1
O00642,Delhivery,262.02,2,2
O00643,Ecom,124.78,1,1
O00644,Ecom,147.77,1,1
O00645,Delhivery,130.85,1,1
O00646,Ecom,122.77,2,2
O00647,Delhivery,144.14,5,5
O00648,BlueDart,79.34,5,5
O00649,Ecom,172.16,2,2
O00650,Ecom,118.8,1,1
O00651,Ecom,118.43,5,7
O00652,Delhivery,74.86,2,2
O00653,BlueDart,238.38,2,2
O00654,DTDC,80.76,5,5
O00655,DTDC,140.89,5,5
O00656,Ecom,84.96,5,5
O00657,BlueDart,109.28,2,2
O00658,Ecom,68.59,5,5
O00659,Delhivery,183.98,5,5
O00660,Ecom,144.74,1,1
O00661,DTDC,210.04,2,2
O00662,Delhivery,144.66,5,5
O00663,DTDC,225.11,2,2
O00664,Ecom,95.17,1,1
O00665,Delhivery,114.77,1,1
O00666,Delhivery,219.55,5,5
O00667,Ecom,180.15,2,2
O00668,BlueDart,208.67,1,1
O00669,BlueDart,290.54,5,5
O00670,BlueDart,204.07,5,5
O00671,BlueDart,201.84,2,2
O00672,BlueDart,155.68,5,8
O00673,Ecom,123.39,2,2
O00674,Ecom,273.12,2,2
O00675,BlueDart,137.43,5,5
O00676,Delhivery,152.68,5,5
O00677,DTDC,157.09,1,1
O00678,DTDC,270.89,2,2
O00679,BlueDart,90.08,2,2
O00680,Delhivery,131.22,2,2
O00681,Delhivery,136.03,1,1
O00682,DTDC,171.48,2,2
O00683,DTDC,298.56,5,5
O00684,Delhivery,298.14,2,2
O00685,Delhivery,156.58,5,5
O00686,Ecom,169.8,2,2
O00687,Ecom,111.74,2,2
O00688,Ecom,120.04,5,5
O00689,BlueDart,220.74,2,2
O00690,Delhivery,212.56,2,2
O00691,Delhivery,98.23,5,5
O00692,Delhivery,60.95,1,1
O00693,BlueDart,277.71,2,2
O00694,BlueDart,248.6,5,5
O00695,Ecom,190.62,1,1
O00696,DTDC,125.85,5,8
O00697,DTDC,59.77,1,1
O00698,BlueDart,50.35,2,2
O00699,Delhivery,152.09,2,2
O00700,DTDC,292.9,1,1
O00701,Delhivery,254.21,1,1
O00702,Delhivery,275.54,1,1
O00703,DTDC,90.73,5,5
O00704,Ecom,75.06,1,2
O00705,BlueDart,83.04,5,5
O00706,DTDC,263.18,1,2
O00707,DTDC,206.87,5,5
O00708,Delhivery,56.0,1,3
O00709,Delhivery,297.69,1,1
O00710,BlueDart,201.13,5,5
O00711,DTDC,137.1,1,1
O00712,Delhivery,147.65,5,5
O00713,DTDC,298.69,5,5
O00714,DTDC,84.56,2,2
O00715,Delhivery,146.16,2,2
O00716,Delhivery,298.48,1,1
O00717,Delhivery,258.81,2,2
O00718,BlueDart,224.03,5,6
O00719,DTDC,85.32,5,8
O00720,DTDC,167.55,2,2
O00721,BlueDart,201.04,1,1
O00722,DTDC,279.79,2,2
O00723,Delhivery,235.78,2,4
O00724,DTDC,213.17,2,2
O00725,BlueDart,69.45,5,5
O00726,BlueDart,239.13,5,5
O00727,BlueDart,190.93,1,1
O00728,DTDC,289.68,2,2
O00729,BlueDart,175.54,1,1
O00730,Delhivery,220.59,2,2
O00731,DTDC,161.87,1,1
O00732,BlueDart,289.5,1,4
O00733,Ecom,128.43,5,5
O00734,Ecom,114.49,2,2
O00735,DTDC,150.23,1,1
O00736,Ecom,176.49,2,2
O00737,Delhivery,263.26,1,1
O00738,Ecom,167.12,2,2
O00739,Ecom,132.18,5,5
O00740,Ecom,86.38,5,7
O00741,BlueDart,102.87,1,3
O00742,DTDC,268.44,5,5
O00743,Ecom,135.5,5,5
O00744,Ecom,138.67,2,2
O00745,DTDC,216.02,1,1
O00746,Ecom,115.7,5,5
O00747,Delhivery,236.43,1,1
O00748,Delhivery,292.94,5,5
O00749,BlueDart,224.83,2,2
O00750,DTDC,78.34,2,2
O00751,DTDC,261.27,5,5
O00752,BlueDart,72.41,2,2
O00753,BlueDart,216.93,1,3
O00754,BlueDart,137.65,2,2
O00755,DTDC,269.9,1,3
O00756,BlueDart,88.34,5,5
O00757,Ecom,98.17,1,1
O00758,DTDC,179.32,2,2
O00759,Delhivery,287.18,5,8
O00760,BlueDart,192.95,2,2
O00761,Delhivery,231.58,2,5
O00762,BlueDart,77.73,1,1
O00763,Ecom,261.16,5,5
O00764,BlueDart,102.57,5,5
O00765,BlueDart,79.3,2,4
O00766,DTDC,281.65,1,1
O00767,DTDC,78.7,5,5
O00768,Ecom,99.81,5,5
O00769,DTDC,290.47,1,1
O00770,DTDC,253.97,2,2
O00771,Delhivery,272.36,2,2
O00772,BlueDart,78.66,2,2
O00773,DTDC,80.58,2,5
O00774,BlueDart,146.4,2,2
O00775,Ecom,220.53,5,5
O00776,Ecom,79.81,5,5
O00777,BlueDart,277.91,1,1
O00778,BlueDart,257.46,1,4
O00779,BlueDart,148.33,2,2
O00780,BlueDart,256.36,1,1
O00781,DTDC,254.04,1,1
O00782,DTDC,68.76,5,5
O00783,Delhivery,238.26,2,2
O00784,Ecom,294.09,2,2
O00785,Delhivery,214.87,5,5
O00786,Delhivery,167.04,5,5
O00787,DTDC,240.12,2,2
O00788,Ecom,266.96,5,6
O00789,BlueDart,86.82,5,5
O00790,Ecom,137.99,5,5
O00791,Ecom,118.15,5,5
O00792,Ecom,179.65,5,5
O00793,BlueDart,183.03,5,5
O00794,DTDC,173.79,1,1
O00795,Delhivery,175.81,1,1
O00796,DTDC,274.97,2,2
O00797,BlueDart,92.68,2,2
O00798,BlueDart,61.29,2,2
O00799,DTDC,297.45,5,8
O00800,Ecom,78.19,2,4
O00801,BlueDart,111.09,5,5
O00802,DTDC,269.29,5,5
O00803,Ecom,286.32,5,5
O00804,Ecom,191.67,1,1
O00805,Delhivery,180.8,5,5
O00806,Ecom,60.24,5,5
O00807,BlueDart,62.48,5,5
O00808,Delhivery,158.01,1,1
O00809,Ecom,291.73,5,5
O00810,Delhivery,112.51,5,5
O00811,Ecom,245.6,2,2
O00812,DTDC,156.92,1,1
O00813,DTDC,246.66,5,7
O00814,Ecom,81.48,1,1
O00815,BlueDart,255.49,2,4
O00816,Delhivery,179.07,5,5
O00817,Delhivery,78.68,5,9
O00818,BlueDart,281.51,5,5
O00819,Ecom,86.56,5,5
O00820,BlueDart,289.77,1,1
O00821,Ecom,87.04,2,2
O00822,BlueDart,277.03,2,2
O00823,Delhivery,137.21,1,1
O00824,Delhivery,119.59,5,5
O00825,Delhivery,194.01,5,5
O00826,Ecom,66.89,2,2
O00827,Delhivery,295.33,5,5
O00828,DTDC,78.62,5,5
O00829,BlueDart,224.68,2,2
O00830,DTDC,106.37,1,1
O00831,Delhivery,273.32,5,5
O00832,Delhivery,192.59,1,1
O00833,Ecom,268.49,1,1
O00834,DTDC,55.64,2,3
O00835,Delhivery,263.3,2,3
O00836,DTDC,213.31,2,5
O00837,BlueDart,251.42,5,9
O00838,BlueDart,271.88,5,5
O00839,DTDC,157.88,1,3
O00840,Ecom,220.49,5,5
O00841,Ecom,187.39,5,5
O00842,BlueDart,197.15,5,5
O00843,BlueDart,81.68,5,5
O00844,Ecom,169.68,2,2
O00845,DTDC,285.36,2,2
O00846,BlueDart,63.5,5,5
O00847,Delhivery,80.69,2,3
O00848,Ecom,259.08,5,5
O00849,Ecom,146.17,2,5
O00850,DTDC,284.31,2,4
O00851,Ecom,245.65,1,1
O00852,Ecom,193.15,1,1
O00853,BlueDart,120.18,5,5
O00854,DTDC,140.42,5,5
O00855,Delhivery,160.95,5,5
O00856,BlueDart,119.11,2,2
O00857,Delhivery,207.58,2,6
O00858,Ecom,194.97,5,6
O00859,DTDC,77.29,5,5
O00860,Ecom,67.85,5,5
O00861,Ecom,274.35,5,5
O00862,BlueDart,202.26,5,5
O00863,BlueDart,214.26,1,1
O00864,Ecom,184.74,5,5
O00865,DTDC,98.76,1,1
O00866,Delhivery,161.25,5,5
O00867,Ecom,201.3,5,5
O00868,Delhivery,201.39,1,1
O00869,Ecom,208.16,5,5
O00870,BlueDart,81.6,5,9
O00871,Delhivery,150.58,5,5
O00872,BlueDart,298.53,5,5
O00873,Delhivery,230.93,2,2
O00874,DTDC,159.65,5,5
O00875,Ecom,121.31,5,5
O00876,DTDC,74.87,5,5
O00877,DTDC,297.2,2,2
O00878,BlueDart,289.96,2,5
O00879,Ecom,180.22,2,2
O00880,BlueDart,266.13,1,1
O00881,Delhivery,176.77,2,2
O00882,BlueDart,283.09,1,1
O00883,Ecom,268.03,1,1
O00884,Delhivery,208.69,2,2
O00885,DTDC,203.34,2,2
O00886,Delhivery,268.76,2,2
O00887,Delhivery,78.09,2,2
O00888,Ecom,289.08,2,2
O00889,Delhivery,57.24,2,2
O00890,Ecom,252.26,5,5
O00891,Ecom,152.45,2,2
O00892,BlueDart,287.57,5,5
O00893,Delhivery,296.3,2,3
O00894,Delhivery,188.24,5,5
O00895,DTDC,125.37,5,7
O00896,DTDC,265.5,5,5
O00897,Ecom,98.57,1,1
O00898,Delhivery,74.92,2,2
O00899,DTDC,170.84,2,2
O00900,BlueDart,163.07,5,7
O00901,DTDC,133.11,5,5
O00902,Ecom,204.12,1,6
O00903,Delhivery,59.13,5,5
O00904,Ecom,128.25,5,5
O00905,BlueDart,143.92,1,1
O00906,Ecom,173.8,1,1
O00907,Ecom,298.94,5,5
O00908,Delhivery,85.38,1,1
O00909,Delhivery,284.05,1,1
O00910,BlueDart,298.33,1,3
O00911,Delhivery,66.69,1,1
O00912,Ecom,196.12,1,1
O00913,Delhivery,75.74,2,2
O00914,Ecom,132.54,1,1
O00915,BlueDart,245.84,2,2
O00916,BlueDart,84.24,5,7
O00917,Ecom,144.33,2,2
O00918,Delhivery,288.84,2,2
O00919,BlueDart,189.48,5,5
O00920,Delhivery,145.61,5,5
O00921,DTDC,73.53,2,2
O00922,BlueDart,298.93,5,5
O00923,Ecom,172.58,5,5
O00924,Delhivery,70.71,5,5
O00925,Delhivery,213.78,2,2
O00926,Ecom,154.09,2,2
O00927,Ecom,61.13,5,5
O00928,DTDC,79.43,2,2
O00929,DTDC,197.79,1,2
O00930,Delhivery,236.85,5,5
O00931,Ecom,106.49,2,2
O00932,DTDC,194.67,2,2
O00933,Delhivery,298.44,2,7
O00934,DTDC,72.69,2,2
O00935,Delhivery,166.81,2,3
O00936,DTDC,267.33,1,1
O00937,Ecom,186.69,1,1
O00938,Delhivery,113.14,2,2
O00939,Ecom,156.47,1,1
O00940,Delhivery,287.87,1,1
O00941,Delhivery,250.37,1,1
O00942,Delhivery,109.05,5,8
O00943,Delhivery,136.18,5,5
O00944,Delhivery,240.76,1,1
O00945,BlueDart,136.72,2,2
O00946,DTDC,175.36,5,5
O00947,BlueDart,134.9,5,5
O00948,Ecom,94.88,2,2
O00949,BlueDart,90.22,2,2
O00950,BlueDart,125.74,1,4
O00951,DTDC,77.92,1,1
O00952,Delhivery,178.72,2,2
O00953,DTDC,62.52,5,5
O00954,Delhivery,123.31,2,2
O00955,Ecom,112.16,2,2
O00956,Delhivery,279.69,2,2
O00957,BlueDart,145.48,2,4
O00958,DTDC,230.4,1,1
O00959,Delhivery,223.56,5,5
O00960,DTDC,118.17,1,3
O00961,Delhivery,54.52,1,6
O00962,Ecom,168.9,2,2
O00963,Ecom,102.66,2,2
O00964,DTDC,70.77,2,5
O00965,Delhivery,206.22,2,2
O00966,Ecom,297.42,2,2
O00967,Delhivery,102.83,2,2
O00968,DTDC,129.85,2,2
O00969,Ecom,173.71,1,1
O00970,Ecom,214.05,5,5
O00971,BlueDart,204.72,1,1
O00972,Delhivery,91.61,5,5
O00973,Delhivery,262.58,2,2
O00974,DTDC,66.2,5,5
O00975,BlueDart,250.92,1,1
O00976,Ecom,67.59,2,3
O00977,Ecom,256.94,1,1
O00978,BlueDart,75.91,1,1
O00979,Ecom,102.52,1,1
O00980,Ecom,224.89,5,5
O00981,DTDC,126.67,5,7
O00982,Delhivery,86.63,2,2
O00983,BlueDart,114.86,1,2
O00984,DTDC,180.83,2,2
O00985,BlueDart,135.59,5,5
O00986,Ecom,164.83,2,2
O00987,BlueDart,288.01,1,1
O00988,Delhivery,111.17,1,1
O00989,DTDC,187.99,1,1
O00990,Ecom,166.07,2,2
O00991,Ecom,99.35,1,1
O00992,BlueDart,230.0,2,2
O00993,Ecom,200.34,1,1
O00994,Delhivery,135.29,1,1
O00995,Ecom,173.95,1,2
O00996,Delhivery,98.4,2,2
O00997,DTDC,281.89,2,2
O00998,Delhivery,131.42,2,7
O00999,DTDC,168.0,1,1
O01000,DTDC,156.32,5,5
O01001,Ecom,241.76,2,2
O01002,Ecom,131.42,2,2
O01003,Delhivery,90.1,1,1
O01004,Ecom,64.83,5,5
O01005,Ecom,256.08,2,3
O01006,DTDC,189.17,1,1
O01007,Ecom,236.82,5,5
O01008,BlueDart,85.07,5,5
O01009,BlueDart,191.43,2,2
O01010,BlueDart,191.33,1,1
O01011,Ecom,202.51,5,5
O01012,Delhivery,211.96,2,2
O01013,BlueDart,205.92,1,1
O01014,DTDC,183.09,2,2
O01015,Delhivery,75.22,2,2
O01016,Delhivery,214.54,1,1
O01017,Delhivery,269.41,2,2
O01018,Ecom,159.64,5,5
O01019,BlueDart,90.72,5,5
O01020,Delhivery,296.29,1,1
O01021,Ecom,150.08,2,4
O01022,BlueDart,212.61,2,2
O01023,Delhivery,179.66,2,3
O01024,Ecom,255.81,5,5
O01025,Delhivery,126.52,5,5
O01026,Ecom,58.56,2,2
O01027,BlueDart,53.73,1,1
O01028,Ecom,83.6,5,5
O01029,DTDC,289.23,2,2
O01030,Delhivery,106.39,2,2
O01031,Ecom,217.09,5,5
O01032,BlueDart,236.98,5,5
O01033,DTDC,52.93,5,7
O01034,DTDC,186.47,1,1
O01035,BlueDart,217.0,5,5
O01036,BlueDart,106.78,5,5
O01037,Ecom,188.32,1,1
O01038,DTDC,181.39,2,2
O01039,Delhivery,143.62,1,1
O01040,BlueDart,289.76,5,5
O01041,DTDC,50.09,1,1
O01042,Ecom,85.08,2,2
O01043,DTDC,67.63,2,2
O01044,Ecom,85.6,2,2
O01045,Ecom,108.05,1,1
O01046,DTDC,287.37,1,1
O01047,BlueDart,72.14,2,2
O01048,BlueDart,266.29,5,5
O01049,BlueDart,75.28,1,1
O01050,Ecom,190.17,2,2
O01051,BlueDart,291.68,1,2
O01052,Ecom,263.06,1,1
O01053,Delhivery,56.04,2,2
O01054,DTDC,138.09,2,2
O01055,DTDC,235.18,5,5
O01056,DTDC,75.32,5,5
O01057,DTDC,263.99,2,2
O01058,DTDC,277.21,2,2
O01059,BlueDart,227.92,1,1
O01060,Ecom,75.91,2,2
O01061,BlueDart,111.48,1,1
O01062,Delhivery,160.09,2,2
O01063,Delhivery,153.08,2,2
O01064,DTDC,250.86,1,1
O01065,Delhivery,248.89,5,5
O01066,DTDC,229.39,1,1
O01067,Ecom,174.28,2,2
O01068,Delhivery,65.94,1,1
O01069,Delhivery,296.55,2,2
O01070,Ecom,86.06,1,1
O01071,BlueDart,243.66,2,2
O01072,Ecom,232.17,5,5
O01073,DTDC,95.75,1,1
O01074,Delhivery,106.66,2,2
O01075,BlueDart,295.5,2,2
O01076,DTDC,264.84,1,3
O01077,Delhivery,199.93,1,1
O01078,BlueDart,283.82,5,5
O01079,Delhivery,275.06,2,2
O01080,Ecom,286.0,1,1
O01081,Ecom,60.4,5,5
O01082,Ecom,239.23,5,5
O01083,Ecom,144.27,5,5
O01084,DTDC,242.71,2,2
O01085,DTDC,234.81,5,5
O01086,Ecom,234.64,2,2
O01087,Delhivery,273.09,2,2
O01088,Ecom,101.51,5,5
O01089,Ecom,61.19,5,5
O01090,DTDC,101.22,1,1
O01091,Delhivery,254.18,1,1
O01092,BlueDart,78.82,1,3
O01093,DTDC,121.18,5,5
O01094,Delhivery,179.56,2,2
O01095,DTDC,159.53,5,5
O01096,DTDC,60.94,1,1
O01097,Delhivery,286.71,2,2
O01098,Ecom,67.35,1,1
O01099,BlueDart,152.48,1,5
O01100,Delhivery,51.48,5,5
O01101,Ecom,284.3,5,5
O01102,DTDC,136.29,1,1
O01103,DTDC,209.27,5,5
O01104,BlueDart,164.98,5,5
O01105,Ecom,165.15,2,2
O01106,Delhivery,111.5,2,2
O01107,Ecom,143.7,1,1
O01108,Ecom,62.72,2,2
O01109,Ecom,55.96,1,1
O01110,Ecom,193.77,5,5
O01111,BlueDart,219.05,2,2
O01112,DTDC,100.75,5,5
O01113,Ecom,168.77,5,5
O01114,BlueDart,183.08,5,5
O01115,BlueDart,215.97,1,1
O01116,BlueDart,196.54,5,5
O01117,DTDC,271.4,1,1
O01118,Delhivery,290.39,5,5
O01119,Ecom,297.93,2,2
O01120,Delhivery,63.0,1,1
O01121,BlueDart,133.23,2,2
O01122,DTDC,224.21,2,2
O01123,Delhivery,172.21,2,2
O01124,Delhivery,251.56,5,5
O01125,BlueDart,234.13,5,5
O01126,BlueDart,203.14,5,5
O01127,BlueDart,146.73,5,8
O01128,BlueDart,160.63,5,5
O01129,Delhivery,224.99,5,5
O01130,DTDC,200.39,5,5
O01131,DTDC,120.36,2,2
O01132,Ecom,69.99,2,2
O01133,BlueDart,192.3,1,1
O01134,Delhivery,107.03,2,2
O01135,Ecom,163.04,2,2
O01136,BlueDart,158.6,5,5
O01137,DTDC,134.33,1,3
O01138,Delhivery,171.84,2,2
O01139,Ecom,250.91,5,5
O01140,Delhivery,182.41,1,5
O01141,Ecom,142.5,5,5
O01142,DTDC,194.3,5,5
O01143,Delhivery,253.33,2,2
O01144,Delhivery,205.9,5,5
O01145,Delhivery,140.95,2,2
O01146,DTDC,289.17,5,5
O01147,BlueDart,123.9,1,1
O01148,Delhivery,86.01,5,5
O01149,Ecom,239.62,5,5
O01150,DTDC,289.03,1,1
O01151,Ecom,211.58,2,2
O01152,BlueDart,230.69,5,5
O01153,DTDC,293.08,5,8
O01154,Ecom,223.65,5,5
O01155,BlueDart,63.12,2,6
O01156,Delhivery,175.15,5,5
O01157,Ecom,187.51,2,2
O01158,DTDC,177.29,2,2
O01159,DTDC,177.72,5,8
O01160,DTDC,162.91,2,2
O01161,BlueDart,235.7,1,1
O01162,DTDC,140.23,1,1
O01163,DTDC,101.59,1,1
O01164,DTDC,248.75,2,2
O01165,BlueDart,286.7,1,1
O01166,Delhivery,211.44,2,2
O01167,BlueDart,125.51,2,2
O01168,BlueDart,71.52,1,1
O01169,Delhivery,103.87,1,1
O01170,BlueDart,194.19,5,5
O01171,DTDC,290.8,1,1
O01172,Ecom,247.99,5,5
O01173,Delhivery,143.32,2,2
O01174,Ecom,143.03,5,5
O01175,Ecom,71.61,1,1
O01176,BlueDart,135.86,2,2
O01177,Delhivery,256.17,1,1
O01178,Delhivery,234.93,1,2
O01179,Ecom,180.78,5,5
O01180,Ecom,88.93,2,2
O01181,BlueDart,223.73,5,5
O01182,BlueDart,123.95,5,5
O01183,DTDC,215.4,5,5
O01184,BlueDart,219.78,5,5
O01185,BlueDart,155.68,2,2
O01186,DTDC,185.93,2,2
O01187,DTDC,188.16,2,2
O01188,BlueDart,283.88,1,4
O01189,BlueDart,113.3,2,2
O01190,Delhivery,292.14,5,5
O01191,Ecom,107.18,2,3
O01192,Ecom,55.13,5,7
O01193,Ecom,66.73,1,3
O01194,Delhivery,161.53,5,8
O01195,BlueDart,189.92,2,5
O01196,DTDC,196.39,5,6
O01197,BlueDart,93.1,5,5
O01198,BlueDart,191.54,5,5
O01199,Ecom,60.73,2,2
O01200,Ecom,211.51,5,5
O01201,BlueDart,154.33,1,1
O01202,DTDC,125.87,1,1
O01203,Delhivery,167.33,2,2
O01204,DTDC,198.61,1,1
O01205,DTDC,179.42,1,1
O01206,DTDC,228.16,2,2
O01207,DTDC,95.77,1,1
O01208,DTDC,86.58,5,5
O01209,DTDC,281.95,2,2
O01210,Ecom,207.03,2,2
O01211,DTDC,240.03,2,2
O01212,BlueDart,281.44,2,2
O01213,DTDC,121.05,1,2
O01214,Delhivery,87.93,1,1
O01215,DTDC,252.39,5,5
O01216,Delhivery,119.87,5,5
O01217,Ecom,160.63,2,2
O01218,Ecom,159.16,2,2
O01219,Delhivery,143.24,5,5
O01220,DTDC,138.32,1,1
O01221,BlueDart,163.06,2,2
O01222,Ecom,277.3,2,2
O01223,Delhivery,261.48,2,2
O01224,BlueDart,112.6,5,5
O01225,Delhivery,107.27,5,5
O01226,Ecom,285.5,5,5
O01227,Delhivery,183.49,5,5
O01228,Delhivery,241.59,1,4
O01229,Delhivery,261.63,1,1
O01230,BlueDart,228.36,1,1
O01231,Ecom,219.38,5,5
O01232,Ecom,237.91,2,2
O01233,DTDC,260.49,1,1
O01234,Ecom,243.77,2,2
O01235,Delhivery,275.92,1,1
O01236,Ecom,289.9,1,1
O01237,Ecom,271.76,5,5
O01238,Ecom,66.94,2,2
O01239,BlueDart,56.17,5,5
O01240,DTDC,121.23,5,5
O01241,BlueDart,299.66,1,1
O01242,Delhivery,73.3,1,1
O01243,Delhivery,154.4,5,5
O01244,Delhivery,264.71,1,1
O01245,BlueDart,217.35,5,5
O01246,DTDC,207.88,1,1
O01247,Delhivery,106.55,1,1
O01248,DTDC,250.42,2,2
O01249,Delhivery,281.51,5,5
O01250,Delhivery,90.61,2,2
O01251,Ecom,294.59,2,2
O01252,Delhivery,151.33,2,2
O01253,BlueDart,70.58,1,5
O01254,Ecom,94.39,2,2
O01255,DTDC,132.54,1,1
O01256,DTDC,203.86,5,5
O01257,BlueDart,174.1,5,5
O01258,DTDC,123.41,2,2
O01259,Delhivery,225.81,5,5
O01260,DTDC,221.93,5,5
O01261,Delhivery,273.9,2,2
O01262,DTDC,147.39,2,2
O01263,DTDC,289.52,2,2
O01264,BlueDart,271.05,5,5
O01265,BlueDart,207.88,2,2
O01266,DTDC,220.09,2,5
O01267,BlueDart,163.74,1,1
O01268,BlueDart,168.63,1,3
O01269,DTDC,272.88,1,1
O01270,BlueDart,105.45,1,1
O01271,Ecom,54.09,5,6
O01272,DTDC,244.92,1,1
O01273,Ecom,69.92,1,1
O01274,DTDC,153.89,5,5
O01275,BlueDart,69.06,5,7
O01276,Ecom,134.38,5,5
O01277,BlueDart,138.31,1,1
O01278,Delhivery,135.53,2,2
O01279,Ecom,248.17,5,5
O01280,Ecom,189.36,5,10
O01281,BlueDart,192.73,2,2
O01282,BlueDart,198.66,5,5
O01283,BlueDart,246.54,5,5
O01284,DTDC,216.21,1,1
O01285,BlueDart,174.57,2,7
O01286,BlueDart,140.63,5,5
O01287,DTDC,127.87,5,5
O01288,DTDC,75.11,1,1
O01289,BlueDart,73.58,2,2
O01290,BlueDart,116.07,2,2
O01291,BlueDart,167.58,5,5
O01292,DTDC,194.17,1,1
O01293,DTDC,136.07,1,2
O01294,Ecom,50.36,1,1
O01295,BlueDart,107.71,1,1
O01296,BlueDart,193.64,5,5
O01297,BlueDart,267.2,5,6
O01298,Delhivery,101.7,1,1
O01299,DTDC,50.76,5,5
O01300,DTDC,85.17,1,1
O01301,Delhivery,162.34,2,4
O01302,Delhivery,54.29,2,2
O01303,DTDC,180.51,5,5
O01304,BlueDart,110.31,1,1
O01305,Ecom,294.36,1,1
O01306,BlueDart,233.15,2,2
O01307,DTDC,74.02,1,1
O01308,Delhivery,183.12,2,2
O01309,BlueDart,101.24,5,6
O01310,Delhivery,104.62,1,1
O01311,DTDC,280.89,5,5
O01312,DTDC,185.27,1,1
O01313,DTDC,75.02,5,5
O01314,Ecom,189.07,2,2
O01315,Delhivery,108.55,1,1
O01316,Delhivery,57.87,5,5
O01317,BlueDart,258.4,1,1
O01318,Delhivery,102.95,5,6
O01319,Delhivery,288.4,5,9
O01320,Ecom,123.88,2,2
O01321,BlueDart,190.02,1,1
O01322,Delhivery,110.12,1,4
O01323,DTDC,187.23,5,5
O01324,Delhivery,206.21,2,2
O01325,BlueDart,245.01,1,1
O01326,Delhivery,170.19,1,2
O01327,DTDC,144.76,1,4
O01328,DTDC,172.78,5,5
O01329,Ecom,60.1,5,5
O01330,DTDC,72.17,1,3
O01331,Delhivery,249.43,5,5
O01332,BlueDart,188.14,1,1
O01333,DTDC,246.63,5,5
O01334,BlueDart,272.55,2,2
O01335,Ecom,174.61,1,1
O01336,Delhivery,88.72,2,2
O01337,Delhivery,55.18,1,1
O01338,DTDC,70.54,1,1
O01339,BlueDart,96.65,1,1
O01340,BlueDart,217.17,2,2
O01341,BlueDart,243.01,2,2
O01342,Delhivery,166.42,1,1
O01343,Delhivery,279.12,1,4
O01344,Delhivery,251.68,1,1
O01345,BlueDart,201.61,1,1
O01346,DTDC,299.86,1,1
O01347,Ecom,290.18,1,1
O01348,BlueDart,196.52,1,2
O01349,Ecom,133.46,1,1
O01350,BlueDart,270.57,1,1
O01351,BlueDart,252.13,1,1
O01352,Ecom,135.74,2,2
O01353,Delhivery,162.82,1,1
O01354,Ecom,285.17,5,5
O01355,BlueDart,79.13,2,2
O01356,Ecom,271.13,5,5
O01357,Delhivery,241.9,2,2
O01358,BlueDart,171.35,5,5
O01359,BlueDart,78.96,1,1
O01360,Ecom,265.71,1,1
O01361,BlueDart,63.35,2,2
O01362,BlueDart,250.82,1,1
O01363,Ecom,241.66,1,1
O01364,DTDC,86.3,2,2
O01365,DTDC,55.32,1,1
O01366,Delhivery,123.61,1,1
O01367,BlueDart,297.51,1,1
O01368,Delhivery,127.38,5,5
O01369,Delhivery,214.31,1,1
O01370,Ecom,135.33,5,5
O01371,DTDC,73.37,1,1
O01372,Ecom,252.19,2,2
O01373,Delhivery,244.3,1,1
O01374,BlueDart,258.13,1,1
O01375,BlueDart,79.2,5,5
O01376,BlueDart,143.8,5,6
O01377,Ecom,243.41,1,1
O01378,DTDC,105.13,1,1
O01379,Ecom,271.36,2,2
O01380,BlueDart,236.47,5,5
O01381,DTDC,55.68,2,2
O01382,Delhivery,72.3,2,2
O01383,BlueDart,166.06,1,6
O01384,Delhivery,237.58,5,5
O01385,Delhivery,104.56,2,2
O01386,BlueDart,293.27,5,5
O01387,BlueDart,281.92,2,2
O01388,Delhivery,75.58,1,2
O01389,Delhivery,239.47,5,5
O01390,DTDC,152.11,5,5
O01391,BlueDart,163.39,1,1
O01392,BlueDart,144.03,5,5
O01393,Ecom,219.69,5,5
O01394,Delhivery,233.12,1,1
O01395,BlueDart,189.38,1,6
O01396,BlueDart,288.27,5,5
O01397,DTDC,176.84,5,5
O01398,BlueDart,211.82,1,1
O01399,DTDC,280.91,1,1
O01400,Ecom,118.73,2,2
O01401,Delhivery,264.26,1,1
O01402,Ecom,298.55,2,2
O01403,DTDC,270.76,1,1
O01404,BlueDart,218.25,2,2
O01405,Ecom,165.17,1,1
O01406,DTDC,247.38,1,1
O01407,DTDC,69.9,1,1
O01408,DTDC,147.27,1,1
O01409,DTDC,75.56,1,1
O01410,DTDC,289.06,1,1
O01411,DTDC,106.05,5,5
O01412,Ecom,199.75,5,5
O01413,DTDC,102.55,1,1
O01414,Delhivery,232.23,2,2
O01415,BlueDart,289.95,2,4
O01416,DTDC,94.33,1,1
O01417,Delhivery,239.44,1,1
O01418,Delhivery,283.79,1,1
O01419,Ecom,184.73,5,5
O01420,DTDC,233.22,2,2
O01421,BlueDart,291.91,1,1
O01422,DTDC,143.13,5,6
O01423,DTDC,67.31,5,5
O01424,DTDC,121.09,5,5
O01425,Delhivery,155.77,2,2
O01426,Delhivery,279.81,2,2
O01427,BlueDart,81.57,5,5
O01428,BlueDart,271.37,1,1
O01429,Delhivery,241.73,2,7
O01430,Ecom,130.21,1,1
O01431,BlueDart,131.36,1,1
O01432,BlueDart,148.12,1,1
O01433,Delhivery,99.58,2,2
O01434,Delhivery,88.8,1,1
O01435,DTDC,214.31,1,1
O01436,DTDC,225.62,5,5
O01437,BlueDart,172.28,5,5
O01438,DTDC,266.36,5,5
O01439,Ecom,50.67,1,1
O01440,Ecom,229.69,5,5
O01441,Delhivery,57.02,5,5
O01442,Delhivery,59.41,2,2
O01443,Delhivery,223.33,1,1
O01444,BlueDart,249.67,1,1
O01445,BlueDart,253.67,5,5
O01446,BlueDart,55.71,5,6
O01447,Delhivery,169.49,1,1
O01448,Ecom,70.66,5,5
O01449,Delhivery,78.89,1,1
O01450,BlueDart,78.98,2,2
O01451,DTDC,215.43,5,5
O01452,Delhivery,157.86,5,5
O01453,Delhivery,241.09,1,1
O01454,DTDC,264.96,2,2
O01455,Delhivery,225.16,5,5
O01456,DTDC,82.05,2,2
O01457,Delhivery,155.97,5,5
O01458,BlueDart,114.84,2,2
O01459,Ecom,119.48,5,5
O01460,Delhivery,81.62,2,2
O01461,DTDC,58.1,2,2
O01462,DTDC,205.73,2,2
O01463,Ecom,260.39,2,2
O01464,BlueDart,59.68,2,5
O01465,Ecom,179.07,2,2
O01466,BlueDart,293.55,1,1
O01467,Ecom,228.16,5,7
O01468,Ecom,93.75,2,2
O01469,DTDC,161.7,1,1
O01470,Delhivery,299.94,2,2
O01471,Ecom,272.41,2,2
O01472,BlueDart,64.4,2,3
O01473,BlueDart,62.64,5,5
O01474,BlueDart,255.14,5,8
O01475,BlueDart,129.17,1,1
O01476,Ecom,282.32,1,4
O01477,Ecom,221.29,2,2
O01478,Ecom,121.66,1,3
O01479,DTDC,195.72,5,5
O01480,Ecom,262.03,5,5
O01481,BlueDart,152.69,5,7
O01482,BlueDart,108.8,1,1
O01483,Delhivery,274.36,1,1
O01484,BlueDart,292.63,1,1
O01485,Delhivery,192.77,1,3
O01486,BlueDart,154.7,2,2
O01487,Ecom,72.88,5,5
O01488,Ecom,189.92,1,1
O01489,BlueDart,197.21,2,2
O01490,Ecom,274.9,5,5
O01491,BlueDart,244.76,2,2
O01492,Ecom,225.5,1,1
O01493,BlueDart,116.41,2,2
O01494,Delhivery,89.95,2,2
O01495,Delhivery,116.48,1,1
O01496,Ecom,87.83,5,7
O01497,BlueDart,103.61,1,2
O01498,Ecom,76.99,5,5
O01499,BlueDart,150.15,2,4
O01500,Delhivery,115.55,5,5
O01501,Ecom,150.52,1,1
O01502,BlueDart,186.68,1,1
O01503,DTDC,153.42,2,2
O01504,DTDC,186.48,2,2
O01505,Ecom,191.81,5,5
O01506,BlueDart,203.42,2,2
O01507,BlueDart,137.82,5,5
O01508,Ecom,101.79,5,5
O01509,BlueDart,144.75,1,5
O01510,DTDC,94.73,1,1
O01511,Ecom,174.38,1,1
O01512,Ecom,134.98,2,2
O01513,BlueDart,156.29,2,2
O01514,DTDC,63.55,2,2
O01515,Ecom,90.07,1,1
O01516,Ecom,127.65,2,2
O01517,BlueDart,73.08,5,6
O01518,BlueDart,77.09,1,1
O01519,BlueDart,93.22,1,1
O01520,Delhivery,209.65,5,5
O01521,Delhivery,157.52,5,9
O01522,Delhivery,127.44,5,5
O01523,DTDC,61.79,5,5
O01524,Delhivery,267.47,2,2
O01525,Ecom,220.54,5,5
O01526,Delhivery,172.32,2,2
O01527,Ecom,290.58,2,2
O01528,Delhivery,116.69,1,4
O01529,Ecom,160.14,2,5
O01530,DTDC,115.41,2,2
O01531,Delhivery,162.58,1,1
O01532,Ecom,290.09,1,1
O01533,Delhivery,271.2,1,1
O01534,DTDC,259.94,2,2
O01535,DTDC,93.76,5,5
O01536,Delhivery,192.0,1,1
O01537,BlueDart,227.92,2,2
O01538,Delhivery,272.24,5,6
O01539,Ecom,228.72,5,5
O01540,Delhivery,274.44,2,2
O01541,Ecom,245.76,5,5
O01542,BlueDart,58.72,5,5
O01543,Ecom,258.52,2,6
O01544,BlueDart,68.46,2,2
O01545,Ecom,185.41,2,2
O01546,Delhivery,123.55,1,4
O01547,Ecom,246.23,1,1
O01548,Ecom,245.4,1,1
O01549,Ecom,55.84,5,5
O01550,Delhivery,145.04,5,5
O01551,Ecom,140.3,5,5
O01552,DTDC,146.27,2,2
O01553,Ecom,284.99,1,1
O01554,BlueDart,162.32,5,5
O01555,DTDC,220.25,1,1
O01556,DTDC,174.24,2,2
O01557,BlueDart,164.84,2,2
O01558,BlueDart,72.24,2,2
O01559,Ecom,68.12,5,5
O01560,BlueDart,193.59,5,7
O01561,Ecom,70.22,2,2
O01562,BlueDart,165.59,2,2
O01563,DTDC,190.44,1,3
O01564,Delhivery,266.3,1,1
O01565,BlueDart,289.83,2,2
O01566,BlueDart,58.88,2,2
O01567,DTDC,103.33,1,1
O01568,Delhivery,155.17,2,2
O01569,DTDC,272.75,1,1
O01570,DTDC,151.47,1,1
O01571,BlueDart,148.37,2,2
O01572,Delhivery,232.3,5,5
O01573,BlueDart,272.37,5,5
O01574,DTDC,226.04,2,2
O01575,Delhivery,128.78,1,3
O01576,DTDC,246.23,5,5
O01577,BlueDart,134.32,5,5
O01578,DTDC,60.96,1,1
O01579,BlueDart,282.69,1,1
O01580,Ecom,121.96,2,2
O01581,DTDC,137.05,1,1
O01582,DTDC,206.72,5,5
O01583,DTDC,239.99,2,2
O01584,BlueDart,64.83,1,1
O01585,BlueDart,186.68,5,5
O01586,Delhivery,229.16,5,5
O01587,BlueDart,148.16,1,1
O01588,Ecom,103.13,2,2
O01589,BlueDart,206.93,2,7
O01590,BlueDart,67.44,5,5
O01591,BlueDart,209.3,5,5
O01592,Ecom,148.15,1,1
O01593,Ecom,130.82,5,5
O01594,Ecom,61.61,5,5
O01595,DTDC,180.17,1,1
O01596,DTDC,260.46,1,6
O01597,Delhivery,66.88,5,5
O01598,BlueDart,158.43,1,1
O01599,DTDC,192.24,5,5
O01600,BlueDart,237.6,1,1
O01601,Delhivery,177.13,1,1
O01602,BlueDart,298.86,2,2
O01603,Delhivery,206.32,5,5
O01604,DTDC,213.71,1,3
O01605,Delhivery,225.28,5,5
O01606,Delhivery,104.75,5,8
O01607,Delhivery,175.83,2,4
O01608,Delhivery,283.73,2,2
O01609,BlueDart,220.95,2,5
O01610,Delhivery,195.51,2,2
O01611,Ecom,147.97,5,5
O01612,Ecom,189.3,5,5
O01613,Ecom,140.51,2,2
O01614,DTDC,201.16,5,5
O01615,Delhivery,82.37,2,5
O01616,Ecom,216.37,5,5
O01617,BlueDart,183.45,1,1
O01618,Delhivery,231.09,1,1
O01619,Delhivery,189.93,1,1
O01620,BlueDart,141.17,2,2
O01621,DTDC,262.08,5,5
O01622,DTDC,174.84,2,2
O01623,Delhivery,159.15,1,1
O01624,Delhivery,276.49,2,2
O01625,DTDC,177.01,2,5
O01626,DTDC,261.06,1,5
O01627,DTDC,95.4,2,2
O01628,Delhivery,285.24,1,1
O01629,Ecom,105.0,2,2
O01630,DTDC,279.94,1,4
O01631,Delhivery,102.28,2,2
O01632,Ecom,62.15,1,1
O01633,Delhivery,105.64,1,1
O01634,Delhivery,167.01,1,1
O01635,DTDC,131.37,2,2
O01636,Delhivery,129.95,5,5
O01637,BlueDart,242.31,2,2
O01638,BlueDart,99.53,1,1
O01639,Delhivery,193.9,5,5
O01640,Delhivery,87.09,2,2
O01641,Delhivery,50.36,5,5
O01642,Ecom,156.71,1,1
O01643,Delhivery,147.27,2,2
O01644,BlueDart,88.99,5,5
O01645,DTDC,183.53,1,1
O01646,Delhivery,294.92,5,5
O01647,DTDC,299.28,5,5
O01648,DTDC,151.26,1,1
O01649,Ecom,266.12,5,5
O01650,Delhivery,51.58,1,1
O01651,BlueDart,104.94,2,2
O01652,Ecom,214.21,5,5
O01653,Delhivery,284.2,2,4
O01654,DTDC,54.23,2,5
O01655,Ecom,186.78,1,1
O01656,Ecom,294.1,2,2
O01657,BlueDart,285.2,1,4
O01658,Ecom,103.9,2,2
O01659,Ecom,218.74,5,5
O01660,Delhivery,285.18,1,1
O01661,Delhivery,57.72,2,3
O01662,BlueDart,137.99,2,5
O01663,BlueDart,50.3,2,2
O01664,DTDC,193.1,2,2
O01665,BlueDart,114.23,2,2
O01666,BlueDart,197.22,5,5
O01667,BlueDart,270.68,2,2
O01668,DTDC,198.39,1,1
O01669,Delhivery,156.64,2,2
O01670,DTDC,202.93,1,1
O01671,DTDC,236.33,1,1
O01672,Delhivery,238.25,2,2
O01673,DTDC,269.27,2,2
O01674,DTDC,175.13,1,1
O01675,DTDC,74.94,5,5
O01676,BlueDart,169.73,2,5
O01677,Ecom,250.09,5,5
O01678,DTDC,145.38,5,7
O01679,Ecom,266.08,5,6
O01680,Ecom,292.71,5,5
O01681,Ecom,105.32,2,2
O01682,Delhivery,98.73,5,5
O01683,Ecom,228.55,2,2
O01684,DTDC,227.69,1,1
O01685,Ecom,159.54,2,2
O01686,Delhivery,184.14,5,5
O01687,DTDC,95.29,5,5
O01688,BlueDart,83.61,5,5
O01689,Ecom,167.11,5,5
O01690,DTDC,237.73,5,5
O01691,Delhivery,233.68,2,2
O01692,DTDC,164.61,5,7
O01693,Delhivery,123.17,5,5
O01694,BlueDart,257.92,1,1
O01695,Delhivery,281.41,2,2
O01696,BlueDart,94.97,2,2
O01697,DTDC,278.71,1,1
O01698,BlueDart,248.61,2,2
O01699,DTDC,295.63,1,1
O01700,BlueDart,249.48,1,1
O01701,DTDC,233.8,2,2
O01702,Delhivery,189.39,5,10
O01703,DTDC,221.27,2,7
O01704,Delhivery,100.59,5,5
O01705,DTDC,52.94,5,5
O01706,DTDC,97.37,2,2
O01707,DTDC,153.53,1,1
O01708,Delhivery,54.38,2,2
O01709,Delhivery,87.73,5,5
O01710,Ecom,108.15,2,5
O01711,Ecom,144.25,5,5
O01712,Delhivery,101.19,1,1
O01713,BlueDart,94.2,1,1
O01714,Delhivery,267.43,2,2
O01715,DTDC,115.54,2,2
O01716,Ecom,160.56,2,2
O01717,Ecom,237.23,1,1
O01718,Ecom,252.17,2,5
O01719,DTDC,182.97,5,5
O01720,Ecom,265.68,1,1
O01721,BlueDart,212.92,1,1
O01722,BlueDart,234.38,1,2
O01723,DTDC,98.35,5,5
O01724,Delhivery,187.46,2,2
O01725,BlueDart,162.78,2,2
O01726,Delhivery,270.5,2,2
O01727,DTDC,208.75,5,5
O01728,DTDC,291.28,5,5
O01729,Delhivery,137.33,1,4
O01730,Ecom,173.25,5,5
O01731,DTDC,111.84,2,2
O01732,Ecom,194.89,2,2
O01733,BlueDart,297.67,1,1
O01734,Delhivery,202.91,2,2
O01735,Delhivery,135.86,2,2
O01736,BlueDart,161.26,2,2
O01737,Ecom,193.52,2,2
O01738,Ecom,113.73,5,5
O01739,DTDC,78.14,2,2
O01740,BlueDart,299.31,1,1
O01741,Ecom,268.96,5,5
O01742,DTDC,188.22,5,5
O01743,BlueDart,242.54,5,5
O01744,BlueDart,188.33,2,2
O01745,Delhivery,61.48,5,5
O01746,DTDC,146.85,2,2
O01747,Ecom,278.5,1,1
O01748,Delhivery,156.93,1,1
O01749,BlueDart,148.35,5,5
O01750,BlueDart,144.46,1,1
O01751,DTDC,283.11,2,2
O01752,BlueDart,114.65,5,6
O01753,Delhivery,200.2,1,1
O01754,Delhivery,121.87,1,1
O01755,Delhivery,286.63,5,8
O01756,Delhivery,156.4,2,2
O01757,DTDC,188.54,1,1
O01758,BlueDart,294.37,2,2
O01759,BlueDart,140.82,5,7
O01760,Delhivery,139.16,2,2
O01761,DTDC,225.58,1,3
O01762,Delhivery,172.08,2,2
O01763,Delhivery,109.91,5,5
O01764,Delhivery,253.02,2,2
O01765,Ecom,95.99,2,2
O01766,Delhivery,281.65,5,5
O01767,Ecom,97.0,5,5
O01768,Ecom,197.21,5,5
O01769,Ecom,115.5,5,5
O01770,BlueDart,183.07,1,1
O01771,BlueDart,226.07,1,1
O01772,DTDC,234.03,1,1
O01773,Delhivery,190.26,1,1
O01774,BlueDart,260.65,1,1
O01775,Delhivery,209.82,1,1
O01776,DTDC,281.36,2,2
O01777,BlueDart,70.75,2,2
O01778,BlueDart,194.53,5,5
O01779,BlueDart,234.47,5,5
O01780,DTDC,86.95,5,5
O01781,DTDC,236.13,5,5
O01782,Ecom,54.99,2,2
O01783,Ecom,126.84,5,6
O01784,DTDC,256.59,5,5
O01785,Delhivery,228.66,5,5
O01786,Ecom,69.72,1,1
O01787,BlueDart,226.08,1,1
O01788,Delhivery,71.49,2,2
O01789,BlueDart,75.32,5,5
O01790,Ecom,95.43,1,1
O01791,Delhivery,180.31,1,1
O01792,Delhivery,133.69,5,6
O01793,BlueDart,83.84,2,4
O01794,BlueDart,115.82,5,5
O01795,Delhivery,281.64,5,5
O01796,Delhivery,176.41,2,2
O01797,Delhivery,257.79,1,1
O01798,Ecom,251.51,2,2
O01799,Delhivery,197.66,2,2
O01800,Delhivery,233.07,2,2
O01801,BlueDart,201.26,2,2
O01802,Delhivery,148.97,5,5
O01803,BlueDart,202.8,2,2
O01804,Ecom,222.37,2,6
O01805,BlueDart,64.87,1,1
O01806,Ecom,87.76,5,9
O01807,DTDC,248.36,2,2
O01808,BlueDart,58.86,1,1
O01809,Ecom,162.16,5,5
O01810,Ecom,230.36,5,5
O01811,BlueDart,64.98,1,3
O01812,BlueDart,97.38,1,3
O01813,BlueDart,235.81,5,8
O01814,DTDC,129.05,2,2
O01815,BlueDart,168.49,2,2
O01816,DTDC,86.06,5,5
O01817,BlueDart,195.84,2,6
O01818,DTDC,128.95,5,5
O01819,Delhivery,117.59,2,2
O01820,BlueDart,76.58,1,1
O01821,Ecom,298.34,1,1
O01822,Ecom,81.73,2,2
O01823,Delhivery,159.58,1,1
O01824,Ecom,125.19,5,7
O01825,DTDC,177.47,1,1
O01826,DTDC,157.92,5,5
O01827,DTDC,50.37,5,10
O01828,DTDC,235.94,5,8
O01829,BlueDart,80.33,1,1
O01830,Ecom,100.39,2,2
O01831,DTDC,125.05,1,1
O01832,BlueDart,55.76,2,2
O01833,Delhivery,288.27,2,2
O01834,Delhivery,239.81,5,5
O01835,Delhivery,130.99,5,5
O01836,DTDC,120.85,5,5
O01837,Delhivery,116.75,2,2
O01838,Delhivery,213.15,1,1
O01839,BlueDart,174.22,5,5
O01840,Delhivery,287.76,5,5
O01841,Delhivery,187.92,5,8
O01842,BlueDart,121.72,1,1
O01843,DTDC,156.62,5,5
O01844,Delhivery,191.95,1,4
O01845,DTDC,52.88,5,6
O01846,Delhivery,273.46,5,5
O01847,BlueDart,133.22,1,1
O01848,Ecom,299.79,5,5
O01849,BlueDart,177.35,5,5
O01850,Ecom,270.97,2,2
O01851,BlueDart,215.6,1,1
O01852,Ecom,298.36,2,3
O01853,Ecom,269.68,2,2
O01854,DTDC,90.91,5,10
O01855,Ecom,243.53,2,2
O01856,Delhivery,134.34,5,5
O01857,Ecom,184.21,1,1
O01858,BlueDart,90.25,5,5
O01859,BlueDart,79.62,1,4
O01860,BlueDart,228.38,1,1
O01861,Ecom,187.69,5,5
O01862,DTDC,279.75,5,5
O01863,BlueDart,245.17,5,5
O01864,BlueDart,195.46,1,1
O01865,Delhivery,289.55,1,1
O01866,Ecom,180.65,5,6
O01867,BlueDart,188.13,1,1
O01868,Ecom,243.72,5,5
O01869,BlueDart,274.92,5,5
O01870,BlueDart,53.68,1,1
O01871,BlueDart,147.68,5,10
O01872,Ecom,54.98,1,1
O01873,DTDC,224.25,2,2
O01874,Delhivery,147.1,2,2
O01875,Delhivery,225.7,5,5
O01876,BlueDart,105.1,5,5
O01877,DTDC,277.9,5,5
O01878,DTDC,108.17,1,1
O01879,DTDC,242.18,2,2
O01880,DTDC,236.11,2,2
O01881,BlueDart,83.5,1,1
O01882,BlueDart,240.61,1,1
O01883,DTDC,242.93,5,7
O01884,Ecom,100.89,5,5
O01885,Delhivery,170.29,2,2
O01886,Delhivery,272.17,2,2
O01887,Delhivery,190.66,1,1
O01888,DTDC,299.26,1,1
O01889,Ecom,286.4,5,5
O01890,Delhivery,139.53,2,2
O01891,BlueDart,249.33,1,1
O01892,Delhivery,114.93,1,1
O01893,Ecom,235.55,1,1
O01894,DTDC,152.87,2,2
O01895,BlueDart,196.67,2,2
O01896,Delhivery,95.07,2,2
O01897,Ecom,156.48,5,6
O01898,DTDC,78.51,2,6
O01899,BlueDart,258.89,1,1
O01900,BlueDart,73.91,1,4
O01901,BlueDart,267.09,1,1
O01902,DTDC,221.31,5,5
O01903,DTDC,144.18,5,5
O01904,BlueDart,184.98,5,5
O01905,DTDC,77.18,2,2
O01906,BlueDart,90.02,5,5
O01907,Delhivery,257.61,2,2
O01908,DTDC,138.97,1,1
O01909,Ecom,125.34,1,1
O01910,Delhivery,198.76,5,5
O01911,BlueDart,196.2,2,2
O01912,DTDC,66.81,5,5
O01913,Delhivery,297.33,2,2
O01914,Delhivery,205.95,5,5
O01915,Ecom,83.07,5,5
O01916,DTDC,238.16,1,1
O01917,Delhivery,110.68,2,2
O01918,BlueDart,276.6,2,2
O01919,BlueDart,196.49,1,1
O01920,Ecom,263.74,1,3
O01921,BlueDart,274.32,1,1
O01922,Delhivery,214.96,2,2
O01923,Delhivery,265.01,5,6
O01924,BlueDart,124.88,2,2
O01925,Ecom,201.37,2,2
O01926,DTDC,207.07,2,4
O01927,Ecom,173.16,5,5
O01928,Ecom,138.57,1,1
O01929,Ecom,118.73,5,5
O01930,Delhivery,293.17,1,1
O01931,Ecom,81.33,2,2
O01932,Ecom,92.19,2,2
O01933,DTDC,161.81,5,5
O01934,DTDC,71.8,2,3
O01935,Ecom,59.94,5,5
O01936,Delhivery,66.69,2,2
O01937,Delhivery,111.4,5,5
O01938,Delhivery,145.58,5,10
O01939,DTDC,150.06,5,5
O01940,DTDC,52.58,2,2
O01941,Ecom,214.76,5,5
O01942,DTDC,120.78,5,5
O01943,Delhivery,164.94,1,1
O01944,Delhivery,247.51,1,1
O01945,DTDC,75.02,5,5
O01946,Delhivery,60.29,2,2
O01947,Ecom,92.05,2,2
O01948,BlueDart,91.38,5,5
O01949,BlueDart,120.22,1,1
O01950,Delhivery,175.21,2,3
O01951,DTDC,245.06,1,1
O01952,DTDC,172.18,5,5
O01953,DTDC,103.07,5,5
O01954,Ecom,82.84,1,1
O01955,DTDC,254.12,1,1
O01956,BlueDart,52.77,5,5
O01957,DTDC,294.07,1,1
O01958,Ecom,198.04,2,2
O01959,BlueDart,187.0,2,2
O01960,BlueDart,242.77,2,2
O01961,BlueDart,146.8,2,2
O01962,Ecom,296.85,5,5
O01963,Ecom,64.67,1,1
O01964,Ecom,147.69,1,1
O01965,Delhivery,241.68,2,2
O01966,Delhivery,154.67,1,1
O01967,DTDC,202.69,2,2
O01968,BlueDart,218.64,5,5
O01969,Ecom,162.41,1,1
O01970,BlueDart,141.97,5,5
O01971,Delhivery,252.93,2,2
O01972,Ecom,175.5,1,1
O01973,BlueDart,75.74,2,2
O01974,Delhivery,284.87,1,1
O01975,Ecom,269.96,5,5
O01976,Ecom,87.56,1,1
O01977,BlueDart,215.13,5,5
O01978,DTDC,72.2,1,1
O01979,Ecom,151.54,1,1
O01980,Delhivery,298.57,1,1
O01981,DTDC,133.5,2,2
O01982,DTDC,103.74,5,9
O01983,DTDC,192.47,5,5
O01984,DTDC,110.57,5,5
O01985,BlueDart,224.98,5,5
O01986,Delhivery,79.71,1,1
O01987,Delhivery,299.77,2,2
O01988,Ecom,120.93,5,5
O01989,Ecom,96.13,2,4
O01990,Ecom,287.16,5,5
O01991,Delhivery,103.83,5,5
O01992,Delhivery,143.04,1,1
O01993,DTDC,273.8,5,5
O01994,Delhivery,297.76,5,5
O01995,BlueDart,289.15,5,5
O01996,DTDC,79.55,5,5
O01997,Ecom,211.11,2,2
O01998,Delhivery,63.9,5,7
O01999,BlueDart,205.6,5,5
O02000,DTDC,150.57,5,5
O02001,Ecom,152.26,2,2
O02002,Delhivery,248.85,2,2
O02003,DTDC,262.61,1,3
O02004,BlueDart,239.39,5,9
O02005,BlueDart,197.7,5,5
O02006,DTDC,118.77,2,2
O02007,Ecom,266.5,5,5
O02008,Ecom,207.47,5,5
O02009,DTDC,69.61,2,2
O02010,BlueDart,136.08,5,5
O02011,Ecom,217.27,1,1
O02012,DTDC,52.83,2,2
O02013,BlueDart,298.62,2,2
O02014,Ecom,242.24,5,7
O02015,DTDC,207.09,1,1
O02016,Delhivery,202.02,2,2
O02017,Delhivery,135.64,1,1
O02018,BlueDart,175.78,5,5
O02019,BlueDart,199.15,2,2
O02020,BlueDart,99.92,5,5
O02021,BlueDart,135.73,2,5
O02022,Ecom,249.68,1,4
O02023,Ecom,287.99,5,5
O02024,Ecom,237.68,2,2
O02025,Ecom,250.98,1,1
O02026,BlueDart,140.83,5,5
O02027,DTDC,171.54,2,2
O02028,BlueDart,148.34,5,5
O02029,Ecom,116.5,2,2
O02030,BlueDart,85.79,5,6
O02031,Ecom,224.03,2,2
O02032,Delhivery,265.76,1,4
O02033,Delhivery,60.96,1,1
O02034,BlueDart,189.36,2,2
O02035,DTDC,271.58,1,1
O02036,Ecom,204.13,2,2
O02037,Ecom,57.62,2,2
O02038,BlueDart,67.75,5,7
O02039,BlueDart,129.01,5,5
O02040,DTDC,126.9,5,7
O02041,DTDC,223.6,2,2
O02042,BlueDart,239.62,5,5
O02043,Delhivery,157.42,1,1
O02044,Ecom,149.0,5,5
O02045,Ecom,250.32,2,2
O02046,Ecom,172.22,5,5
O02047,Ecom,122.27,1,1
O02048,Ecom,168.35,2,2
O02049,Delhivery,221.5,5,5
O02050,DTDC,123.33,5,5
O02051,BlueDart,249.92,1,1
O02052,Ecom,130.9,2,2
O02053,BlueDart,229.16,5,5
O02054,Ecom,166.86,5,10
O02055,DTDC,232.53,1,1
O02056,DTDC,92.37,2,2
O02057,BlueDart,83.07,1,2
O02058,Ecom,163.36,1,1
O02059,DTDC,208.57,2,4
O02060,Ecom,211.42,2,2
O02061,DTDC,260.53,1,1
O02062,DTDC,199.3,1,1
O02063,Delhivery,293.84,2,2
O02064,BlueDart,215.13,5,5
O02065,BlueDart,224.95,2,2
O02066,Ecom,125.04,1,4
O02067,Delhivery,277.25,2,2
O02068,DTDC,66.85,1,1
O02069,DTDC,150.2,5,5
O02070,Ecom,205.88,1,1
O02071,Ecom,88.54,1,1
O02072,Ecom,150.19,1,1
O02073,Ecom,216.38,1,1
O02074,Delhivery,113.69,2,2
O02075,Ecom,252.09,5,5
O02076,BlueDart,88.48,5,7
O02077,Delhivery,250.42,5,5
O02078,Delhivery,259.12,2,2
O02079,DTDC,252.47,5,6
O02080,Delhivery,57.6,1,2
O02081,Ecom,209.49,5,5
O02082,Delhivery,188.81,2,2
O02083,DTDC,238.38,1,1
O02084,Ecom,210.05,2,2
O02085,Delhivery,214.47,1,1
O02086,BlueDart,138.44,1,1
O02087,DTDC,88.39,1,1
O02088,DTDC,202.42,2,2
O02089,Delhivery,100.37,2,2
O02090,Ecom,89.79,2,2
O02091,DTDC,91.44,2,2
O02092,Ecom,95.45,1,3
O02093,Delhivery,123.73,1,1
O02094,BlueDart,283.39,2,2
O02095,BlueDart,295.17,2,7
O02096,DTDC,268.23,1,4
O02097,Ecom,296.11,2,2
O02098,BlueDart,297.21,5,5
O02099,BlueDart,138.19,1,1
O02100,Delhivery,176.38,1,1
O02101,BlueDart,87.73,5,6
O02102,BlueDart,186.8,5,5
O02103,Delhivery,253.87,1,1
O02104,Delhivery,104.86,1,2
O02105,Ecom,215.34,5,5
O02106,Ecom,265.56,5,7
O02107,Delhivery,234.93,2,2
O02108,BlueDart,139.37,5,5
O02109,DTDC,115.85,1,1
O02110,Ecom,287.74,5,5
O02111,Ecom,183.94,5,5
O02112,Ecom,269.59,2,2
O02113,DTDC,115.85,5,9
O02114,DTDC,253.6,5,5
O02115,BlueDart,138.77,2,2
O02116,BlueDart,177.26,1,1
O02117,Delhivery,298.98,5,8
O02118,DTDC,206.71,5,5
O02119,Ecom,261.64,2,4
O02120,DTDC,212.58,1,1
O02121,BlueDart,287.08,1,2
O02122,DTDC,272.81,1,1
O02123,Ecom,252.72,2,2
O02124,BlueDart,252.98,1,1
O02125,Delhivery,79.14,1,1
O02126,Ecom,288.14,2,2
O02127,Delhivery,117.17,5,5
O02128,Ecom,172.06,5,5
O02129,DTDC,119.02,2,2
O02130,Ecom,126.01,5,5
O02131,Ecom,111.58,2,2
O02132,DTDC,139.0,5,5
O02133,BlueDart,56.58,2,2
O02134,DTDC,244.87,5,5
O02135,BlueDart,125.17,2,2
O02136,Ecom,123.1,2,2
O02137,Ecom,197.41,5,5
O02138,Delhivery,160.2,1,1
O02139,BlueDart,74.98,1,4
O02140,BlueDart,112.54,5,5
O02141,BlueDart,187.2,5,5
O02142,BlueDart,85.7,2,7
O02143,DTDC,94.8,5,5
O02144,Ecom,268.57,5,5
O02145,BlueDart,73.96,1,1
O02146,Delhivery,54.77,2,4
O02147,Delhivery,263.22,5,5
O02148,Ecom,84.96,5,5
O02149,Delhivery,106.96,2,2
O02150,DTDC,133.88,2,2
O02151,DTDC,202.35,2,5
O02152,Delhivery,236.36,2,2
O02153,DTDC,94.34,5,5
O02154,Ecom,142.73,2,2
O02155,BlueDart,204.9,2,2
O02156,Ecom,262.25,2,2
O02157,DTDC,216.73,2,2
O02158,DTDC,236.98,1,1
O02159,DTDC,168.71,2,2
O02160,DTDC,103.13,1,1
O02161,Ecom,246.2,2,2
O02162,BlueDart,153.82,2,2
O02163,BlueDart,111.21,1,4
O02164,BlueDart,118.47,5,8
O02165,DTDC,193.46,1,1
O02166,DTDC,210.61,1,1
O02167,Ecom,101.28,5,5
O02168,Ecom,255.16,2,2
O02169,DTDC,191.79,1,1
O02170,BlueDart,58.22,2,2
O02171,DTDC,232.85,2,4
O02172,Delhivery,289.25,2,2
O02173,BlueDart,288.75,5,5
O02174,Ecom,52.61,5,7
O02175,Delhivery,273.41,1,1
O02176,BlueDart,111.61,1,1
O02177,Delhivery,129.81,1,1
O02178,Ecom,64.69,5,5
O02179,Delhivery,245.67,1,1
O02180,BlueDart,122.33,2,2
O02181,DTDC,172.71,2,2
O02182,Ecom,125.42,1,1
O02183,Delhivery,79.74,5,5
O02184,Ecom,199.2,1,3
O02185,Delhivery,299.59,2,2
O02186,DTDC,120.75,1,1
O02187,DTDC,156.48,2,2
O02188,DTDC,158.17,1,1
O02189,Delhivery,262.93,5,5
O02190,DTDC,151.27,5,5
O02191,Delhivery,51.27,1,4
O02192,Ecom,152.29,2,7
O02193,Ecom,92.13,5,5
O02194,Delhivery,189.02,2,5
O02195,DTDC,57.99,2,2
O02196,BlueDart,226.13,1,1
O02197,Delhivery,280.88,5,5
O02198,Ecom,181.05,1,1
O02199,BlueDart,203.32,5,5
O02200,Ecom,121.96,5,5
O02201,DTDC,174.43,5,8
O02202,Delhivery,74.34,5,5
O02203,BlueDart,129.73,1,1
O02204,DTDC,96.64,2,2
O02205,Delhivery,179.96,1,1
O02206,Ecom,110.15,2,2
O02207,BlueDart,281.61,2,4
O02208,Delhivery,208.75,2,2
O02209,Ecom,123.94,1,1
O02210,Delhivery,275.24,2,2
O02211,BlueDart,230.04,5,5
O02212,BlueDart,146.04,5,5
O02213,Delhivery,105.41,5,9
O02214,Delhivery,181.34,1,1
O02215,BlueDart,160.66,5,5
O02216,Delhivery,276.29,5,5
O02217,BlueDart,149.05,5,5
O02218,DTDC,182.91,5,5
O02219,Delhivery,210.75,5,7
O02220,BlueDart,95.95,2,2
O02221,DTDC,225.0,5,5
O02222,DTDC,248.48,5,5
O02223,BlueDart,121.22,1,3
O02224,DTDC,98.95,2,2
O02225,Ecom,135.0,1,1
O02226,BlueDart,255.34,1,2
O02227,Delhivery,67.31,5,5
O02228,DTDC,111.52,5,5
O02229,Delhivery,144.64,5,5
O02230,DTDC,261.45,1,1
O02231,DTDC,243.23,5,5
O02232,DTDC,159.34,1,1
O02233,DTDC,75.82,2,2
O02234,Delhivery,279.84,2,2
O02235,Ecom,148.23,2,2
O02236,DTDC,285.77,2,2
O02237,Ecom,115.04,2,2
O02238,DTDC,151.7,2,6
O02239,DTDC,264.69,1,1
O02240,Delhivery,234.92,2,2
O02241,Delhivery,193.88,1,1
O02242,BlueDart,121.72,5,8
O02243,DTDC,224.53,1,1
O02244,Delhivery,243.54,1,1
O02245,Ecom,172.06,5,5
O02246,Ecom,100.12,2,2
O02247,DTDC,243.31,1,1
O02248,Delhivery,284.63,5,5
O02249,DTDC,210.03,2,2
O02250,BlueDart,78.43,1,5
O02251,BlueDart,69.36,2,2
O02252,BlueDart,104.18,5,5
O02253,BlueDart,117.98,1,1
O02254,BlueDart,118.61,5,5
O02255,BlueDart,75.78,2,2
O02256,BlueDart,290.52,2,4
O02257,Delhivery,170.93,1,1
O02258,BlueDart,192.19,2,2
O02259,Delhivery,89.96,2,2
O02260,BlueDart,197.02,1,1
O02261,Delhivery,120.57,5,5
O02262,BlueDart,66.63,5,5
O02263,Delhivery,51.62,2,2
O02264,Delhivery,113.76,5,5
O02265,Delhivery,51.1,5,5
O02266,Ecom,241.38,1,1
O02267,DTDC,85.05,2,2
O02268,BlueDart,86.61,1,1
O02269,Ecom,262.19,2,2
O02270,Ecom,77.08,5,5
O02271,BlueDart,201.81,2,2
O02272,DTDC,88.08,5,5
O02273,Ecom,206.04,1,1
O02274,BlueDart,164.66,5,7
O02275,BlueDart,70.65,1,1
O02276,BlueDart,175.98,1,3
O02277,Ecom,265.88,1,1
O02278,BlueDart,200.03,2,2
O02279,Ecom,263.27,2,2
O02280,DTDC,86.56,5,7
O02281,Delhivery,122.52,1,1
O02282,BlueDart,197.31,2,5
O02283,Delhivery,297.09,5,8
O02284,BlueDart,64.22,5,5
O02285,BlueDart,252.39,5,5
O02286,DTDC,66.12,5,5
O02287,DTDC,226.57,1,1
O02288,BlueDart,177.96,5,5
O02289,Ecom,273.53,1,1
O02290,Delhivery,218.59,2,3
O02291,DTDC,294.68,2,2
O02292,BlueDart,239.37,2,2
O02293,Delhivery,152.29,5,5
O02294,Ecom,92.97,1,4
O02295,Delhivery,161.89,2,2
O02296,Ecom,122.86,5,5
O02297,Ecom,166.21,1,1
O02298,BlueDart,129.27,2,3
O02299,Delhivery,192.91,5,7
O02300,Ecom,70.07,2,2
O02301,DTDC,117.44,5,5
O02302,Ecom,298.1,2,2
O02303,Delhivery,134.97,5,5
O02304,DTDC,87.31,5,5
O02305,Ecom,92.04,2,2
O02306,Ecom,140.87,2,2
O02307,Ecom,286.51,5,5
O02308,Ecom,247.25,1,1
O02309,Ecom,274.08,2,2
O02310,DTDC,190.39,2,2
O02311,Ecom,103.96,1,1
O02312,Ecom,51.14,2,2
O02313,DTDC,125.19,5,5
O02314,DTDC,129.78,1,1
O02315,Delhivery,120.09,2,2
O02316,Ecom,276.75,1,1
O02317,BlueDart,65.86,2,2
O02318,BlueDart,214.48,5,6
O02319,Ecom,199.16,5,5
O02320,DTDC,97.02,1,1
O02321,Delhivery,150.28,5,5
O02322,DTDC,77.75,5,5
O02323,DTDC,288.64,5,5
O02324,Ecom,216.39,1,1
O02325,Ecom,96.62,2,2
O02326,Delhivery,261.46,5,5
O02327,Ecom,57.19,2,2
O02328,BlueDart,155.97,1,1
O02329,DTDC,287.46,5,5
O02330,Delhivery,278.59,2,4
O02331,Delhivery,256.95,5,5
O02332,Delhivery,64.3,5,5
O02333,Delhivery,76.77,2,5
O02334,BlueDart,77.55,2,2
O02335,Delhivery,211.72,1,1
O02336,Ecom,79.68,5,5
O02337,Ecom,275.81,2,5
O02338,BlueDart,232.79,5,5
O02339,BlueDart,246.71,5,5
O02340,Ecom,171.83,2,3
O02341,Delhivery,64.12,1,1
O02342,Ecom,188.74,5,5
O02343,Delhivery,212.14,5,5
O02344,Delhivery,110.02,2,2
O02345,Delhivery,67.92,5,5
O02346,DTDC,89.92,5,5
O02347,Delhivery,221.29,5,5
O02348,BlueDart,212.13,1,1
O02349,DTDC,212.0,2,5
O02350,BlueDart,245.14,5,5
O02351,BlueDart,248.61,5,5
O02352,BlueDart,270.54,5,7
O02353,Ecom,85.44,2,2
O02354,Delhivery,159.8,5,5
O02355,DTDC,150.2,1,1
O02356,Ecom,101.87,2,2
O02357,DTDC,246.86,1,5
O02358,BlueDart,67.9,2,2
O02359,BlueDart,200.24,2,3
O02360,Ecom,184.66,2,2
O02361,Delhivery,50.75,2,2
O02362,Delhivery,222.52,1,1
O02363,BlueDart,145.83,5,8
O02364,BlueDart,185.8,5,8
O02365,BlueDart,161.59,2,2
O02366,DTDC,258.16,5,5
O02367,Delhivery,76.61,1,1
O02368,BlueDart,188.22,2,2
O02369,Delhivery,73.68,2,2
O02370,Delhivery,236.21,1,1
O02371,BlueDart,72.17,1,1
O02372,Delhivery,224.42,1,1
O02373,Delhivery,250.62,2,2
O02374,BlueDart,238.58,5,5
O02375,DTDC,175.88,5,5
O02376,Ecom,262.65,1,1
O02377,DTDC,67.43,1,5
O02378,Ecom,274.51,1,1
O02379,Ecom,108.32,5,5
O02380,Delhivery,73.45,5,5
O02381,DTDC,243.79,5,5
O02382,Delhivery,207.41,2,2
O02383,Ecom,209.01,1,1
O02384,Delhivery,103.95,5,5
O02385,Delhivery,226.65,2,2
O02386,Delhivery,252.69,2,2
O02387,DTDC,122.55,2,2
O02388,DTDC,51.83,5,5
O02389,BlueDart,294.97,2,5
O02390,Delhivery,205.25,1,1
O02391,DTDC,297.53,2,2
O02392,Ecom,129.88,1,2
O02393,Ecom,227.78,5,5
O02394,Ecom,73.32,1,1
O02395,Delhivery,245.86,1,1
O02396,Delhivery,117.54,1,6
O02397,Ecom,142.73,1,1
O02398,DTDC,252.98,2,2
O02399,DTDC,55.21,1,1
O02400,DTDC,202.19,1,1
O02401,Delhivery,130.68,5,5
O02402,BlueDart,59.41,2,2
O02403,Ecom,216.74,2,2
O02404,BlueDart,152.15,2,2
O02405,Delhivery,249.61,5,5
O02406,DTDC,50.01,2,2
O02407,DTDC,115.19,1,1
O02408,Ecom,193.87,5,5
O02409,Delhivery,171.12,5,5
O02410,Ecom,257.86,1,1
O02411,BlueDart,295.08,2,2
O02412,DTDC,178.54,2,2
O02413,Ecom,264.86,5,5
O02414,BlueDart,55.43,5,5
O02415,DTDC,210.68,2,2
O02416,Ecom,62.19,1,1
O02417,DTDC,220.0,5,5
O02418,BlueDart,184.3,2,2
O02419,BlueDart,162.12,5,5
O02420,Ecom,93.26,2,2
O02421,Ecom,253.43,5,5
O02422,DTDC,84.58,1,1
O02423,Ecom,166.43,1,1
O02424,BlueDart,127.03,2,7
O02425,Delhivery,64.85,5,5
O02426,Ecom,143.15,1,1
O02427,DTDC,213.67,5,5
O02428,BlueDart,207.82,5,5
O02429,BlueDart,233.9,5,5
O02430,Ecom,258.39,2,5
O02431,Ecom,69.13,5,5
O02432,BlueDart,120.17,2,2
O02433,DTDC,228.0,2,2
O02434,Delhivery,225.35,1,4
O02435,DTDC,263.84,5,5
O02436,DTDC,63.7,5,5
O02437,BlueDart,113.33,5,5
O02438,Delhivery,131.83,5,5
O02439,Delhivery,259.58,1,1
O02440,BlueDart,100.95,1,1
O02441,DTDC,275.18,1,3
O02442,Delhivery,223.44,5,5
O02443,DTDC,226.47,2,2
O02444,Ecom,136.29,1,1
O02445,BlueDart,186.93,5,5
O02446,Ecom,97.27,5,5
O02447,Delhivery,294.52,2,6
O02448,Delhivery,123.8,5,9
O02449,DTDC,140.61,2,2
O02450,Ecom,160.24,5,5
O02451,Ecom,151.69,2,2
O02452,Delhivery,199.41,1,1
O02453,BlueDart,55.73,2,6
O02454,Delhivery,90.01,2,2
O02455,BlueDart,208.2,1,1
O02456,Delhivery,57.62,5,5
O02457,Delhivery,84.79,1,1
O02458,Ecom,62.29,2,2
O02459,Ecom,233.75,5,5
O02460,DTDC,96.57,2,2
O02461,Ecom,53.98,1,1
O02462,DTDC,261.8,5,5
O02463,DTDC,267.66,2,2
O02464,BlueDart,275.15,2,2
O02465,Ecom,232.0,5,5
O02466,BlueDart,154.17,1,1
O02467,BlueDart,280.53,5,5
O02468,BlueDart,103.58,1,1
O02469,DTDC,127.01,1,1
O02470,Ecom,82.04,2,2
O02471,Delhivery,81.52,1,1
O02472,Ecom,258.68,1,1
O02473,Delhivery,268.16,5,5
O02474,Delhivery,111.37,1,1
O02475,Ecom,209.78,1,1
O02476,DTDC,233.52,2,2
O02477,Ecom,130.59,2,6
O02478,Ecom,291.34,1,1
O02479,Ecom,156.1,1,1
O02480,Ecom,127.67,2,2
O02481,Delhivery,137.74,2,2
O02482,DTDC,193.9,5,5
O02483,Delhivery,169.9,2,6
O02484,BlueDart,251.12,1,1
O02485,BlueDart,259.63,5,5
O02486,Ecom,76.08,1,1
O02487,Ecom,60.23,2,2
O02488,BlueDart,207.28,1,1
O02489,Delhivery,227.65,2,2
O02490,DTDC,292.46,2,2
O02491,DTDC,268.69,5,5
O02492,DTDC,122.14,2,2
O02493,BlueDart,201.79,1,1
O02494,DTDC,201.0,5,5
O02495,Delhivery,179.34,5,5
O02496,DTDC,195.59,2,2
O02497,Ecom,184.26,1,1
O02498,DTDC,241.92,2,2
O02499,DTDC,198.44,2,2
O02500,Ecom,264.7,5,5
